date,tmax_prev,tmin_prev,prcp_prev,ws_prev,rad_prev,sun_prev,cloud_prev,source
2022-10-19,21.1,12.5,0.0,9.5,10.74,33991.36,60.0,open-meteo-historical
2022-10-20,20.8,13.4,7.5,27.9,5.21,23050.23,100.0,open-meteo-historical
2022-10-21,20.2,14.6,15.2,30.4,7.92,27568.67,100.0,open-meteo-historical
2022-10-22,20.8,11.9,1.5,17.8,11.16,33264.54,55.0,open-meteo-historical
2022-10-23,22.3,12.8,3.4,38.2,6.56,26499.01,97.0,open-meteo-historical
2022-10-24,19.7,12.5,0.0,20.7,8.51,32700.48,82.0,open-meteo-historical
2022-10-25,18.7,10.6,0.0,12.1,9.54,32182.52,83.0,open-meteo-historical
2022-10-26,22.1,12.9,0.3,14.2,9.6,32751.26,72.0,open-meteo-historical
2022-10-27,21.7,12.0,0.0,20.1,9.25,32171.96,57.0,open-meteo-historical
2022-10-28,24.3,14.0,0.0,22.5,10.0,32450.98,72.0,open-meteo-historical
2022-10-29,21.4,12.9,0.0,19.8,6.85,32221.81,100.0,open-meteo-historical
2022-10-30,21.8,12.5,0.0,17.6,9.17,32120.75,92.0,open-meteo-historical
2022-10-31,20.9,11.6,2.4,29.6,8.2,30576.67,94.0,open-meteo-historical
2022-11-01,16.1,10.7,5.1,23.7,9.73,31912.75,56.0,open-meteo-historical
2022-11-02,15.7,9.2,0.0,10.0,8.64,31775.6,81.0,open-meteo-historical
2022-11-03,15.4,7.9,10.6,28.5,4.96,24258.87,99.0,open-meteo-historical
2022-11-04,9.6,6.7,8.0,23.3,1.05,5184.99,93.0,open-meteo-historical
2022-11-05,11.2,6.2,0.1,18.6,7.93,31389.4,90.0,open-meteo-historical
2022-11-06,10.6,3.3,0.0,22.1,5.22,26011.03,67.0,open-meteo-historical
2022-11-07,16.0,7.8,0.0,19.3,7.57,29594.63,70.0,open-meteo-historical
2022-11-08,17.5,7.4,2.8,25.1,7.68,30320.53,90.0,open-meteo-historical
2022-11-09,13.7,10.5,8.0,22.5,1.06,1304.15,100.0,open-meteo-historical
2022-11-10,13.3,7.1,0.0,10.4,8.4,30442.0,24.0,open-meteo-historical
2022-11-11,13.8,5.3,0.0,8.8,7.51,30257.93,75.0,open-meteo-historical
2022-11-12,13.5,6.5,0.0,8.5,6.55,29834.45,70.0,open-meteo-historical
2022-11-13,12.8,5.5,0.0,11.2,6.93,20714.98,63.0,open-meteo-historical
2022-11-14,14.9,5.4,1.5,14.4,4.74,21155.13,94.0,open-meteo-historical
2022-11-15,12.8,10.1,11.7,16.8,1.37,0.0,100.0,open-meteo-historical
2022-11-16,13.6,7.8,3.9,16.6,4.35,12381.79,97.0,open-meteo-historical
2022-11-17,13.8,10.1,3.1,22.4,2.68,6643.85,97.0,open-meteo-historical
2022-11-18,11.4,6.2,1.0,14.3,5.03,21767.45,76.0,open-meteo-historical
2022-11-19,9.0,3.5,0.0,11.6,5.01,16390.02,81.0,open-meteo-historical
2022-11-20,9.6,4.7,3.1,13.7,5.45,20044.04,84.0,open-meteo-historical
2022-11-21,8.5,4.7,3.3,19.5,3.18,1094.36,95.0,open-meteo-historical
2022-11-22,10.1,4.5,0.0,14.7,3.34,11963.54,72.0,open-meteo-historical
2022-11-23,8.7,1.4,4.2,17.3,2.42,5621.81,70.0,open-meteo-historical
2022-11-24,11.8,4.3,0.1,11.9,4.49,23691.25,74.0,open-meteo-historical
2022-11-25,11.5,4.2,4.3,9.7,4.96,20402.55,79.0,open-meteo-historical
2022-11-26,6.8,2.3,0.0,6.6,3.39,6826.0,86.0,open-meteo-historical
2022-11-27,7.4,4.7,0.0,13.7,2.78,596.66,100.0,open-meteo-historical
2022-11-28,9.6,5.4,7.6,8.6,1.57,0.0,99.0,open-meteo-historical
2022-11-29,8.6,5.1,1.3,7.8,2.66,3280.66,97.0,open-meteo-historical
2022-11-30,8.4,6.2,0.3,13.8,3.15,12839.13,96.0,open-meteo-historical
2022-12-01,6.7,4.0,0.0,16.2,2.57,6135.79,98.0,open-meteo-historical
2022-12-02,5.2,3.3,0.1,11.2,2.8,5302.64,100.0,open-meteo-historical
2022-12-03,4.5,2.1,2.0,16.1,4.09,16370.49,95.0,open-meteo-historical
2022-12-04,4.2,2.3,7.7,10.3,1.32,0.0,100.0,open-meteo-historical
2022-12-05,6.0,1.4,1.1,9.9,2.31,156.77,85.0,open-meteo-historical
2022-12-06,5.1,0.4,0.0,7.3,2.69,1631.69,98.0,open-meteo-historical
2022-12-07,5.3,0.7,0.0,10.1,4.94,21653.15,64.0,open-meteo-historical
2022-12-08,3.0,-1.5,0.0,8.3,3.54,10962.8,78.0,open-meteo-historical
2022-12-09,3.0,-0.9,0.0,10.5,2.68,0.0,96.0,open-meteo-historical
2022-12-10,2.0,-1.7,0.0,13.0,3.01,6164.59,70.0,open-meteo-historical
2022-12-11,-1.8,-4.1,0.0,6.5,3.84,14546.71,64.0,open-meteo-historical
2022-12-12,-1.9,-4.8,0.0,10.8,2.74,7200.0,94.0,open-meteo-historical
2022-12-13,-1.2,-5.3,0.0,10.9,1.89,0.0,96.0,open-meteo-historical
2022-12-14,2.7,-1.4,11.5,7.0,1.02,0.0,100.0,open-meteo-historical
2022-12-15,2.0,0.7,0.5,14.5,0.87,0.0,100.0,open-meteo-historical
2022-12-16,1.5,-2.7,0.0,12.6,5.85,25549.8,46.0,open-meteo-historical
2022-12-17,-1.2,-5.0,0.0,10.5,5.42,25200.0,25.0,open-meteo-historical
2022-12-18,1.3,-4.5,0.0,11.2,3.11,5999.14,95.0,open-meteo-historical
2022-12-19,12.7,1.2,0.0,18.0,4.72,21659.04,75.0,open-meteo-historical
2022-12-20,13.6,8.6,3.6,21.4,2.33,4685.51,96.0,open-meteo-historical
2022-12-21,12.8,9.6,13.0,14.5,2.95,11645.83,95.0,open-meteo-historical
2022-12-22,13.2,10.1,9.4,22.3,2.49,1501.87,99.0,open-meteo-historical
2022-12-23,14.1,11.6,11.5,21.0,1.0,0.0,99.0,open-meteo-historical
2022-12-24,12.2,9.5,1.9,9.9,2.06,2194.82,98.0,open-meteo-historical
2022-12-25,11.6,8.4,0.0,14.4,3.27,10800.0,99.0,open-meteo-historical
2022-12-26,12.3,8.1,2.2,14.8,2.08,0.0,90.0,open-meteo-historical
2022-12-27,8.5,3.2,0.0,9.6,3.54,14239.48,64.0,open-meteo-historical
2022-12-28,8.3,2.2,0.0,15.2,4.81,21642.22,70.0,open-meteo-historical
2022-12-29,11.4,7.5,2.9,19.7,1.7,0.0,99.0,open-meteo-historical
2022-12-30,10.5,5.0,3.3,22.1,0.86,0.0,88.0,open-meteo-historical
2022-12-31,14.1,9.0,1.8,17.8,4.92,25538.34,62.0,open-meteo-historical
2023-01-01,15.8,10.2,0.0,23.8,5.3,25553.75,14.0,open-meteo-historical
2023-01-02,13.1,7.8,3.6,22.1,1.48,0.0,96.0,open-meteo-historical
2023-01-03,9.0,2.8,0.0,7.3,5.47,21727.79,62.0,open-meteo-historical
2023-01-04,10.2,1.8,0.1,12.4,1.4,0.0,95.0,open-meteo-historical
2023-01-05,12.2,9.6,4.1,10.7,0.72,0.0,100.0,open-meteo-historical
2023-01-06,11.5,6.6,0.0,7.6,3.03,7609.53,93.0,open-meteo-historical
2023-01-07,12.6,6.8,0.0,17.0,5.18,20086.89,79.0,open-meteo-historical
2023-01-08,10.2,8.0,9.4,16.1,1.96,2301.4,99.0,open-meteo-historical
2023-01-09,9.5,5.5,1.8,25.4,4.86,21600.0,86.0,open-meteo-historical
2023-01-10,6.9,1.9,1.4,17.6,3.22,13452.14,87.0,open-meteo-historical
2023-01-11,11.0,6.4,2.8,15.9,1.86,1412.31,86.0,open-meteo-historical
2023-01-12,9.7,6.6,1.7,15.9,1.62,0.0,99.0,open-meteo-historical
2023-01-13,10.5,5.3,2.1,21.3,4.26,24911.22,86.0,open-meteo-historical
2023-01-14,8.8,4.3,1.3,18.8,1.47,0.0,94.0,open-meteo-historical
2023-01-15,10.6,4.5,3.7,20.3,4.69,18145.84,90.0,open-meteo-historical
2023-01-16,6.5,2.4,8.2,30.8,2.99,8407.38,93.0,open-meteo-historical
2023-01-17,2.9,0.1,8.0,10.4,1.27,0.0,92.0,open-meteo-historical
2023-01-18,2.1,-0.7,0.8,14.3,5.5,17962.97,74.0,open-meteo-historical
2023-01-19,3.2,-2.0,0.1,8.0,3.42,8113.56,83.0,open-meteo-historical
2023-01-20,2.7,-3.6,0.3,11.4,4.2,15564.13,86.0,open-meteo-historical
2023-01-21,2.8,-0.5,2.9,20.7,5.56,24195.76,83.0,open-meteo-historical
2023-01-22,1.8,-1.6,0.0,17.5,3.05,8825.76,92.0,open-meteo-historical
2023-01-23,2.5,0.3,0.0,19.0,2.91,2652.32,92.0,open-meteo-historical
2023-01-24,4.2,1.9,0.1,16.9,2.28,0.0,98.0,open-meteo-historical
2023-01-25,3.6,1.8,0.1,9.9,2.12,615.34,100.0,open-meteo-historical
2023-01-26,1.7,-0.5,0.0,13.0,3.14,0.0,99.0,open-meteo-historical
2023-01-27,2.0,-0.4,0.0,17.1,3.48,1793.12,98.0,open-meteo-historical
2023-01-28,3.8,0.8,0.0,18.4,3.47,7129.53,85.0,open-meteo-historical
2023-01-29,3.4,-0.9,0.0,12.4,6.17,21293.5,73.0,open-meteo-historical
2023-01-30,2.8,-2.9,0.0,9.7,2.12,0.0,83.0,open-meteo-historical
2023-01-31,6.8,1.3,0.1,12.3,3.95,6939.25,98.0,open-meteo-historical
2023-02-01,7.4,2.8,0.0,13.8,3.8,8764.15,94.0,open-meteo-historical
2023-02-02,8.8,4.7,0.0,14.8,4.55,14644.23,90.0,open-meteo-historical
2023-02-03,9.8,2.7,0.0,13.4,5.74,19291.06,87.0,open-meteo-historical
2023-02-04,10.2,5.5,1.0,10.8,2.02,0.0,96.0,open-meteo-historical
2023-02-05,8.4,5.0,0.9,19.9,3.34,4919.24,92.0,open-meteo-historical
2023-02-06,6.2,1.9,0.0,17.1,6.36,25123.38,67.0,open-meteo-historical
2023-02-07,6.5,-0.9,0.0,15.7,9.44,30535.25,13.0,open-meteo-historical
2023-02-08,5.1,-2.1,0.0,11.1,9.76,31145.2,4.0,open-meteo-historical
2023-02-09,6.5,-5.2,0.0,6.0,9.91,31397.26,5.0,open-meteo-historical
2023-02-10,6.4,-5.1,0.0,6.4,9.83,31508.0,7.0,open-meteo-historical
2023-02-11,8.6,-3.7,0.0,5.0,9.28,30957.07,23.0,open-meteo-historical
2023-02-12,9.3,0.6,0.0,10.7,8.88,26006.76,27.0,open-meteo-historical
2023-02-13,8.2,-2.0,0.0,7.3,9.65,27924.42,37.0,open-meteo-historical
2023-02-14,12.9,-2.0,0.0,9.5,10.33,31015.19,11.0,open-meteo-historical
2023-02-15,13.6,-0.8,0.0,8.6,10.45,32768.17,36.0,open-meteo-historical
2023-02-16,15.0,-1.8,0.0,9.2,8.1,28616.52,67.0,open-meteo-historical
2023-02-17,12.7,8.1,0.0,13.5,2.68,0.0,99.0,open-meteo-historical
2023-02-18,15.5,8.1,0.0,13.2,5.81,17862.95,89.0,open-meteo-historical
2023-02-19,12.0,5.5,0.0,14.5,6.16,17035.1,83.0,open-meteo-historical
2023-02-20,15.2,1.4,0.0,5.6,11.38,34300.5,17.0,open-meteo-historical
2023-02-21,14.5,0.5,0.0,9.7,10.93,32531.97,52.0,open-meteo-historical
2023-02-22,10.2,1.4,4.3,8.1,3.86,0.0,84.0,open-meteo-historical
2023-02-23,12.1,6.4,1.6,6.7,7.59,23196.93,97.0,open-meteo-historical
2023-02-24,12.0,6.6,5.2,7.6,6.55,12828.87,95.0,open-meteo-historical
2023-02-25,8.7,3.2,0.3,17.6,8.07,24399.24,78.0,open-meteo-historical
2023-02-26,3.0,-1.2,0.0,30.6,10.76,32418.99,32.0,open-meteo-historical
2023-02-27,4.4,-1.3,0.0,26.9,8.72,30584.86,51.0,open-meteo-historical
2023-02-28,2.8,-1.9,0.0,16.0,6.98,12453.61,56.0,open-meteo-historical
2023-03-01,5.3,-1.6,0.0,14.5,10.83,24670.34,54.0,open-meteo-historical
2023-03-02,7.5,0.7,0.0,7.6,10.48,30598.25,78.0,open-meteo-historical
2023-03-03,9.9,-1.5,0.0,9.4,8.73,19274.9,68.0,open-meteo-historical
2023-03-04,9.3,-0.4,0.0,13.4,14.42,36027.05,26.0,open-meteo-historical
2023-03-05,8.2,-1.5,0.0,9.7,8.77,20701.64,60.0,open-meteo-historical
2023-03-06,6.0,-1.4,0.0,12.6,5.3,893.19,98.0,open-meteo-historical
2023-03-07,6.4,1.6,0.0,15.0,7.59,9022.45,97.0,open-meteo-historical
2023-03-08,10.8,0.7,4.7,18.8,3.08,0.0,99.0,open-meteo-historical
2023-03-09,15.2,8.9,15.3,25.0,8.86,16796.08,88.0,open-meteo-historical
2023-03-10,10.7,4.7,9.3,36.6,9.4,22221.6,90.0,open-meteo-historical
2023-03-11,7.0,0.6,6.4,9.8,3.65,0.0,100.0,open-meteo-historical
2023-03-12,14.9,5.9,1.2,18.4,10.38,36000.0,94.0,open-meteo-historical
2023-03-13,20.3,9.4,10.4,25.4,13.47,28800.0,89.0,open-meteo-historical
2023-03-14,10.5,5.4,7.2,27.5,6.91,11289.42,95.0,open-meteo-historical
2023-03-15,11.2,-1.1,0.1,9.8,14.97,33196.11,63.0,open-meteo-historical
2023-03-16,15.5,1.4,0.0,16.2,14.82,35262.3,72.0,open-meteo-historical
2023-03-17,17.3,7.4,0.1,21.7,11.21,22735.35,95.0,open-meteo-historical
2023-03-18,15.0,7.0,2.1,9.7,9.43,11827.04,79.0,open-meteo-historical
2023-03-19,13.9,6.3,2.9,16.4,6.38,5812.84,97.0,open-meteo-historical
2023-03-20,14.6,4.4,0.0,7.2,14.58,38654.52,78.0,open-meteo-historical
2023-03-21,15.6,2.9,0.0,11.5,9.7,16554.19,86.0,open-meteo-historical
2023-03-22,19.1,2.3,1.0,15.8,16.05,35452.45,74.0,open-meteo-historical
2023-03-23,16.5,11.5,0.3,18.4,6.83,111.92,100.0,open-meteo-historical
2023-03-24,15.2,10.8,10.8,22.8,8.99,19254.03,90.0,open-meteo-historical
2023-03-25,14.0,8.3,2.2,24.6,14.24,38264.25,81.0,open-meteo-historical
2023-03-26,12.6,7.8,3.6,28.2,12.22,29696.45,93.0,open-meteo-historical
2023-03-27,8.1,4.3,0.0,17.9,9.08,11089.28,89.0,open-meteo-historical
2023-03-28,11.1,-1.1,0.0,11.4,14.44,34855.5,62.0,open-meteo-historical
2023-03-29,18.9,7.5,0.8,16.6,13.13,23793.2,98.0,open-meteo-historical
2023-03-30,18.3,11.2,6.6,23.4,12.07,25235.26,97.0,open-meteo-historical
2023-03-31,14.7,10.3,10.9,33.8,14.75,37568.66,89.0,open-meteo-historical
2023-04-01,14.1,8.6,4.3,20.4,11.81,28191.13,83.0,open-meteo-historical
2023-04-02,10.2,7.2,1.6,15.3,5.26,0.0,98.0,open-meteo-historical
2023-04-03,9.5,4.6,0.0,18.2,10.25,20298.62,83.0,open-meteo-historical
2023-04-04,10.8,0.7,0.0,16.9,22.13,42495.25,3.0,open-meteo-historical
2023-04-05,12.5,-0.3,0.0,10.1,22.18,42725.95,7.0,open-meteo-historical
2023-04-06,14.0,-0.3,0.0,14.9,10.46,10944.54,87.0,open-meteo-historical
2023-04-07,11.3,6.5,10.9,11.9,11.72,31057.2,87.0,open-meteo-historical
2023-04-08,14.3,2.4,0.0,13.1,15.59,39302.39,37.0,open-meteo-historical
2023-04-09,15.6,4.7,0.0,10.5,22.61,43709.78,18.0,open-meteo-historical
2023-04-10,16.3,4.5,0.4,12.7,12.29,21446.59,96.0,open-meteo-historical
2023-04-11,14.9,9.7,0.1,15.2,12.74,13409.27,100.0,open-meteo-historical
2023-04-12,13.8,7.5,6.1,23.4,7.14,6174.47,90.0,open-meteo-historical
2023-04-13,12.7,5.4,0.6,15.1,17.25,32812.34,73.0,open-meteo-historical
2023-04-14,11.9,2.2,2.4,16.4,9.53,5381.35,95.0,open-meteo-historical
2023-04-15,10.9,7.0,10.1,23.7,7.0,3805.03,96.0,open-meteo-historical
2023-04-16,9.7,4.6,0.0,15.3,8.01,4914.65,69.0,open-meteo-historical
2023-04-17,14.0,6.3,0.4,17.0,12.4,32308.9,77.0,open-meteo-historical
2023-04-18,15.8,6.2,0.0,16.4,17.47,42105.44,65.0,open-meteo-historical
2023-04-19,17.8,6.6,0.0,15.0,23.53,45880.47,21.0,open-meteo-historical
2023-04-20,13.4,6.7,0.0,13.5,21.61,41674.46,69.0,open-meteo-historical
2023-04-21,16.2,2.6,0.0,12.3,14.12,27739.62,67.0,open-meteo-historical
2023-04-22,16.0,8.5,9.0,16.9,8.8,7719.03,93.0,open-meteo-historical
2023-04-23,16.2,7.2,2.8,22.1,10.12,3646.19,93.0,open-meteo-historical
2023-04-24,12.9,8.5,0.8,15.9,12.18,22897.12,85.0,open-meteo-historical
2023-04-25,13.6,7.4,1.9,15.3,15.42,36286.06,90.0,open-meteo-historical
2023-04-26,16.2,2.7,0.1,7.1,15.27,24974.51,79.0,open-meteo-historical
2023-04-27,21.6,5.3,0.0,13.4,17.88,38179.58,84.0,open-meteo-historical
2023-04-28,23.4,13.8,2.9,17.7,11.26,16722.86,98.0,open-meteo-historical
2023-04-29,20.1,12.2,0.0,15.1,20.24,43740.23,90.0,open-meteo-historical
2023-04-30,19.1,9.8,0.0,12.8,16.34,30017.85,98.0,open-meteo-historical
2023-05-01,18.0,10.9,1.9,21.7,15.65,33146.37,93.0,open-meteo-historical
2023-05-02,18.3,9.1,0.0,16.8,19.13,47244.47,54.0,open-meteo-historical
2023-05-03,21.9,7.9,0.0,17.1,26.89,47332.2,7.0,open-meteo-historical
2023-05-04,26.1,8.1,0.0,19.9,24.44,46800.0,54.0,open-meteo-historical
2023-05-05,19.1,11.8,6.9,17.7,12.44,19442.19,89.0,open-meteo-historical
2023-05-06,23.4,8.4,0.0,8.2,23.96,47154.26,75.0,open-meteo-historical
2023-05-07,18.3,13.4,12.2,17.6,6.78,303.75,99.0,open-meteo-historical
2023-05-08,19.2,13.1,0.0,14.3,12.92,23976.97,89.0,open-meteo-historical
2023-05-09,17.0,12.5,8.9,13.0,5.21,0.0,100.0,open-meteo-historical
2023-05-10,15.4,10.6,1.1,20.2,12.26,23461.1,89.0,open-meteo-historical
2023-05-11,14.2,10.0,17.4,12.3,8.65,6055.53,97.0,open-meteo-historical
2023-05-12,17.0,10.4,0.2,16.8,15.32,31964.44,93.0,open-meteo-historical
2023-05-13,20.0,11.5,2.4,17.1,17.52,32527.28,88.0,open-meteo-historical
2023-05-14,18.8,10.5,1.9,21.5,14.7,28574.43,78.0,open-meteo-historical
2023-05-15,19.7,11.4,0.0,16.7,20.48,38175.91,76.0,open-meteo-historical
2023-05-16,15.8,10.0,0.0,22.6,15.43,27408.45,83.0,open-meteo-historical
2023-05-17,15.6,7.6,0.0,23.9,19.02,46762.13,78.0,open-meteo-historical
2023-05-18,18.8,7.6,0.0,14.8,25.98,42342.92,39.0,open-meteo-historical
2023-05-19,18.8,11.3,0.1,17.6,17.85,28091.78,89.0,open-meteo-historical
2023-05-20,21.6,11.2,0.2,14.7,17.17,26253.32,98.0,open-meteo-historical
2023-05-21,24.9,13.7,0.1,14.3,19.19,38817.69,98.0,open-meteo-historical
2023-05-22,23.1,15.5,28.6,12.0,13.07,22341.17,89.0,open-meteo-historical
2023-05-23,21.0,14.5,0.0,16.8,17.63,33757.91,80.0,open-meteo-historical
2023-05-24,19.9,11.0,0.0,17.9,27.37,49775.0,47.0,open-meteo-historical
2023-05-25,22.4,10.0,0.0,18.2,27.86,49071.03,31.0,open-meteo-historical
2023-05-26,25.7,11.0,0.0,15.8,25.81,50996.12,28.0,open-meteo-historical
2023-05-27,26.5,14.1,0.0,14.5,28.43,50957.16,17.0,open-meteo-historical
2023-05-28,27.0,13.4,0.0,16.8,29.06,51502.23,5.0,open-meteo-historical
2023-05-29,27.8,14.6,0.0,19.3,29.38,51647.15,9.0,open-meteo-historical
2023-05-30,26.3,14.1,0.0,16.4,28.72,51414.18,40.0,open-meteo-historical
2023-05-31,26.7,14.7,0.0,18.2,29.23,51896.45,10.0,open-meteo-historical
2023-06-01,28.0,12.6,0.0,13.8,27.11,51691.61,21.0,open-meteo-historical
2023-06-02,27.2,15.6,0.0,17.1,29.3,52023.01,8.0,open-meteo-historical
2023-06-03,27.1,12.5,0.0,11.6,28.6,52317.19,21.0,open-meteo-historical
2023-06-04,27.4,14.1,0.0,10.8,25.18,48853.46,48.0,open-meteo-historical
2023-06-05,27.5,14.5,0.0,15.5,29.26,52310.72,2.0,open-meteo-historical
2023-06-06,28.2,15.2,0.0,13.8,28.49,52644.07,14.0,open-meteo-historical
2023-06-07,28.4,16.7,0.0,15.2,21.3,44715.54,69.0,open-meteo-historical
2023-06-08,28.5,16.1,0.0,18.7,23.94,44363.3,63.0,open-meteo-historical
2023-06-09,28.4,16.3,0.0,21.1,24.12,44336.87,61.0,open-meteo-historical
2023-06-10,26.8,16.8,3.0,11.8,17.73,27648.17,92.0,open-meteo-historical
2023-06-11,28.0,17.2,1.5,18.5,18.21,25200.0,82.0,open-meteo-historical
2023-06-12,28.4,15.3,0.0,10.7,24.56,39009.71,98.0,open-meteo-historical
2023-06-13,28.4,14.8,0.0,16.8,29.58,49707.1,44.0,open-meteo-historical
2023-06-14,28.5,15.6,0.0,12.9,30.53,52902.12,4.0,open-meteo-historical
2023-06-15,28.4,13.9,0.0,15.3,23.51,50670.01,35.0,open-meteo-historical
2023-06-16,29.1,14.0,0.0,14.2,26.34,52809.55,14.0,open-meteo-historical
2023-06-17,30.7,14.5,0.0,10.8,25.98,52686.04,51.0,open-meteo-historical
2023-06-18,29.2,17.2,2.4,16.6,15.69,21204.26,98.0,open-meteo-historical
2023-06-19,29.7,17.2,10.7,21.6,20.86,26885.94,93.0,open-meteo-historical
2023-06-20,29.3,16.7,0.0,12.3,18.43,32054.18,93.0,open-meteo-historical
2023-06-21,27.5,17.9,19.3,14.2,21.42,35231.92,98.0,open-meteo-historical
2023-06-22,25.2,18.4,0.8,17.3,12.31,13218.06,100.0,open-meteo-historical
2023-06-23,27.4,14.4,0.0,14.2,25.77,52587.49,39.0,open-meteo-historical
2023-06-24,30.1,15.9,0.0,18.2,29.74,52703.32,0.0,open-meteo-historical
2023-06-25,32.4,16.7,0.0,11.7,29.71,52455.36,5.0,open-meteo-historical
2023-06-26,27.6,19.2,0.0,17.2,27.17,51968.91,41.0,open-meteo-historical
2023-06-27,25.4,14.5,0.0,11.0,28.2,49563.6,64.0,open-meteo-historical
2023-06-28,28.2,14.6,0.0,10.2,27.78,49089.71,47.0,open-meteo-historical
2023-06-29,30.0,18.0,0.1,17.7,19.46,36918.53,81.0,open-meteo-historical
2023-06-30,23.9,18.0,0.3,18.1,20.99,36346.99,84.0,open-meteo-historical
2023-07-01,23.5,14.4,0.2,17.7,7.06,3956.58,88.0,open-meteo-historical
2023-07-02,25.4,16.9,0.0,16.0,26.75,39876.59,66.0,open-meteo-historical
2023-07-03,23.3,16.9,1.4,16.8,12.59,21937.43,74.0,open-meteo-historical
2023-07-04,25.5,17.4,5.1,11.0,12.07,25936.04,87.0,open-meteo-historical
2023-07-05,24.1,15.9,0.1,16.3,29.35,50400.0,56.0,open-meteo-historical
2023-07-06,26.7,11.4,0.0,8.3,29.86,51709.19,34.0,open-meteo-historical
2023-07-07,31.8,15.2,0.0,13.0,24.66,47948.04,56.0,open-meteo-historical
2023-07-08,32.6,18.7,0.0,11.6,26.66,46654.96,63.0,open-meteo-historical
2023-07-09,34.3,19.9,0.0,12.2,20.84,39247.36,63.0,open-meteo-historical
2023-07-10,33.1,20.7,0.0,11.4,24.27,51112.92,44.0,open-meteo-historical
2023-07-11,36.8,20.1,37.9,19.6,24.87,43434.48,45.0,open-meteo-historical
2023-07-12,25.8,20.1,26.9,16.7,17.65,34366.08,91.0,open-meteo-historical
2023-07-13,26.3,16.4,0.0,12.3,26.06,51312.15,58.0,open-meteo-historical
2023-07-14,29.8,13.1,0.0,15.2,27.62,50527.34,52.0,open-meteo-historical
2023-07-15,27.5,18.8,14.3,18.8,13.36,22776.12,81.0,open-meteo-historical
2023-07-16,25.3,14.4,2.0,12.8,25.64,50261.51,57.0,open-meteo-historical
2023-07-17,27.0,15.4,0.0,14.0,26.19,50797.34,34.0,open-meteo-historical
2023-07-18,28.3,15.2,19.0,12.5,20.45,44170.42,40.0,open-meteo-historical
2023-07-19,28.0,19.8,0.0,15.8,27.91,50292.78,32.0,open-meteo-historical
2023-07-20,27.3,14.6,0.0,8.8,26.25,47193.59,67.0,open-meteo-historical
2023-07-21,24.2,16.4,0.4,15.0,16.75,36274.94,76.0,open-meteo-historical
2023-07-22,27.8,13.0,0.0,17.8,22.3,50079.38,31.0,open-meteo-historical
2023-07-23,28.3,14.7,0.3,17.4,17.75,41892.68,61.0,open-meteo-historical
2023-07-24,25.4,18.2,7.1,21.4,16.45,25958.12,92.0,open-meteo-historical
2023-07-25,21.5,15.1,4.8,21.6,12.25,20245.63,88.0,open-meteo-historical
2023-07-26,22.6,13.0,1.2,9.8,16.05,36669.02,74.0,open-meteo-historical
2023-07-27,27.2,13.1,0.0,18.0,22.21,40838.72,55.0,open-meteo-historical
2023-07-28,25.9,18.0,1.8,15.9,11.27,20407.84,72.0,open-meteo-historical
2023-07-29,24.4,18.7,9.7,13.6,7.66,5003.93,98.0,open-meteo-historical
2023-07-30,24.3,17.4,0.0,17.3,20.37,44296.12,66.0,open-meteo-historical
2023-07-31,26.6,12.9,0.1,15.1,22.1,46505.71,81.0,open-meteo-historical
2023-08-01,22.8,18.1,7.2,20.6,12.35,17196.89,100.0,open-meteo-historical
2023-08-02,25.2,16.6,2.4,29.3,10.12,17401.95,75.0,open-meteo-historical
2023-08-03,22.8,16.0,7.5,21.6,12.42,15170.73,78.0,open-meteo-historical
2023-08-04,20.3,14.5,7.9,15.9,11.8,20571.2,94.0,open-meteo-historical
2023-08-05,22.0,11.9,0.0,18.8,15.16,36189.14,84.0,open-meteo-historical
2023-08-06,19.1,13.7,0.2,21.2,12.88,25289.61,92.0,open-meteo-historical
2023-08-07,21.1,9.4,0.1,12.3,21.06,46800.0,50.0,open-meteo-historical
2023-08-08,24.2,11.9,0.0,11.9,19.95,35843.61,82.0,open-meteo-historical
2023-08-09,25.8,14.7,0.0,13.6,20.73,48388.3,69.0,open-meteo-historical
2023-08-10,28.4,14.1,0.1,10.7,20.52,45884.86,36.0,open-meteo-historical
2023-08-11,32.6,15.3,5.7,10.2,21.63,45251.1,36.0,open-meteo-historical
2023-08-12,29.4,19.6,0.5,15.1,16.08,40074.43,81.0,open-meteo-historical
2023-08-13,28.1,18.9,2.6,11.3,15.07,32344.67,94.0,open-meteo-historical
2023-08-14,29.5,18.7,8.0,11.4,16.48,28823.98,84.0,open-meteo-historical
2023-08-15,28.0,20.0,5.0,12.6,15.76,31439.45,77.0,open-meteo-historical
2023-08-16,26.5,19.3,5.5,9.1,13.02,28228.86,88.0,open-meteo-historical
2023-08-17,31.0,17.3,0.0,8.0,20.23,36463.13,39.0,open-meteo-historical
2023-08-18,32.7,19.5,0.0,10.1,21.74,43367.19,54.0,open-meteo-historical
2023-08-19,32.6,20.6,0.0,12.0,19.34,39600.0,80.0,open-meteo-historical
2023-08-20,33.6,22.5,0.0,10.2,20.64,44359.23,53.0,open-meteo-historical
2023-08-21,33.8,21.6,0.0,10.5,19.78,45941.9,23.0,open-meteo-historical
2023-08-22,35.0,22.1,0.0,12.3,22.68,45853.82,12.0,open-meteo-historical
2023-08-23,33.5,21.9,0.0,10.6,22.56,45778.93,29.0,open-meteo-historical
2023-08-24,34.8,21.1,2.0,24.4,15.91,26846.3,71.0,open-meteo-historical
2023-08-25,28.5,20.3,16.4,21.5,8.03,6798.79,88.0,open-meteo-historical
2023-08-26,22.0,16.8,0.0,15.1,18.68,43338.68,73.0,open-meteo-historical
2023-08-27,21.8,14.2,2.7,13.8,12.01,18044.53,94.0,open-meteo-historical
2023-08-28,19.0,13.0,0.0,15.2,8.62,0.0,99.0,open-meteo-historical
2023-08-29,21.1,13.0,0.2,10.6,11.58,20514.88,97.0,open-meteo-historical
2023-08-30,21.7,11.2,0.1,13.0,12.28,26518.53,83.0,open-meteo-historical
2023-08-31,22.5,12.8,0.5,14.3,12.63,18222.42,89.0,open-meteo-historical
2023-09-01,27.3,15.8,0.0,15.8,16.88,40767.11,68.0,open-meteo-historical
2023-09-02,29.2,15.6,0.0,14.2,19.08,41352.81,78.0,open-meteo-historical
2023-09-03,30.7,17.2,0.0,12.7,20.72,42310.21,73.0,open-meteo-historical
2023-09-04,31.2,17.3,0.0,10.7,20.73,42750.99,50.0,open-meteo-historical
2023-09-05,32.9,17.0,0.0,13.4,20.77,42662.32,3.0,open-meteo-historical
2023-09-06,31.7,17.1,0.0,8.2,20.99,42541.14,13.0,open-meteo-historical
2023-09-07,33.0,17.1,0.0,12.6,20.56,42418.21,0.0,open-meteo-historical
2023-09-08,33.0,16.7,0.0,8.8,20.34,42159.51,3.0,open-meteo-historical
2023-09-09,32.9,17.3,0.0,9.8,20.15,42012.66,11.0,open-meteo-historical
2023-09-10,33.2,17.7,0.0,12.3,19.84,41664.18,9.0,open-meteo-historical
2023-09-11,33.0,16.4,0.0,12.7,18.36,36044.43,42.0,open-meteo-historical
2023-09-12,28.3,17.6,0.1,16.4,15.36,38563.24,87.0,open-meteo-historical
2023-09-13,21.0,17.3,33.3,7.9,4.42,0.0,99.0,open-meteo-historical
2023-09-14,25.2,16.0,0.0,9.0,16.81,39619.49,48.0,open-meteo-historical
2023-09-15,26.3,15.2,0.0,10.4,18.28,40315.63,36.0,open-meteo-historical
2023-09-16,26.3,16.0,6.1,16.2,9.69,19090.3,81.0,open-meteo-historical
2023-09-17,29.0,16.2,0.2,16.2,15.11,36000.0,93.0,open-meteo-historical
2023-09-18,25.9,17.3,33.9,18.9,13.5,28023.63,86.0,open-meteo-historical
2023-09-19,23.3,14.6,0.0,13.8,15.12,39644.53,64.0,open-meteo-historical
2023-09-20,25.1,10.8,0.0,14.9,17.83,39705.81,33.0,open-meteo-historical
2023-09-21,24.3,13.8,7.9,23.1,7.83,8186.38,82.0,open-meteo-historical
2023-09-22,18.1,11.3,2.0,23.8,9.81,28202.2,65.0,open-meteo-historical
2023-09-23,17.1,8.2,0.5,12.2,11.45,29077.53,50.0,open-meteo-historical
2023-09-24,21.0,5.3,0.0,11.9,17.45,39600.0,7.0,open-meteo-historical
2023-09-25,22.9,7.8,0.0,7.3,16.8,39600.0,10.0,open-meteo-historical
2023-09-26,24.4,9.9,0.0,12.3,16.55,38111.0,23.0,open-meteo-historical
2023-09-27,26.2,11.3,0.0,9.7,15.16,38260.69,58.0,open-meteo-historical
2023-09-28,27.1,14.6,0.0,8.6,15.19,38272.14,63.0,open-meteo-historical
2023-09-29,24.6,14.7,0.0,17.4,13.06,37893.25,58.0,open-meteo-historical
2023-09-30,23.5,10.9,0.0,6.9,15.24,38752.43,56.0,open-meteo-historical
2023-10-01,25.5,9.8,0.0,5.1,15.4,38546.5,20.0,open-meteo-historical
2023-10-02,27.9,10.3,0.0,13.7,14.25,32937.67,29.0,open-meteo-historical
2023-10-03,23.7,13.8,0.0,19.9,7.05,16622.37,54.0,open-meteo-historical
2023-10-04,19.8,7.6,0.0,7.6,13.22,35996.63,60.0,open-meteo-historical
2023-10-05,20.3,6.6,0.0,5.2,12.69,31549.81,85.0,open-meteo-historical
2023-10-06,22.7,6.1,0.0,5.8,14.76,37523.25,37.0,open-meteo-historical
2023-10-07,24.6,5.1,0.0,6.0,13.94,37317.35,2.0,open-meteo-historical
2023-10-08,27.4,8.9,0.0,6.1,13.85,37110.52,12.0,open-meteo-historical
2023-10-09,28.2,9.2,0.0,9.7,13.36,35877.14,40.0,open-meteo-historical
2023-10-10,27.1,10.1,0.0,8.2,13.7,36694.62,15.0,open-meteo-historical
2023-10-11,26.9,9.2,0.0,11.7,13.61,35493.24,13.0,open-meteo-historical
2023-10-12,26.4,9.2,0.0,12.6,10.32,27347.23,83.0,open-meteo-historical
2023-10-13,26.1,10.0,0.0,21.3,12.99,34973.66,38.0,open-meteo-historical
2023-10-14,21.6,10.6,0.6,19.0,6.1,16379.28,83.0,open-meteo-historical
2023-10-15,14.2,7.9,0.0,12.0,10.5,30363.39,83.0,open-meteo-historical
2023-10-16,14.9,5.2,0.0,14.3,11.67,33088.36,81.0,open-meteo-historical
2023-10-17,19.5,5.1,0.0,8.4,11.16,29671.04,78.0,open-meteo-historical
2023-10-18,19.2,9.9,5.2,16.2,4.44,6427.92,98.0,open-meteo-historical
2023-10-19,17.5,15.3,30.4,17.3,2.41,533.18,97.0,open-meteo-historical
2023-10-20,17.6,14.0,41.9,24.5,5.57,11873.89,98.0,open-meteo-historical
2023-10-21,17.2,11.2,0.3,21.2,8.82,32786.44,79.0,open-meteo-historical
2023-10-22,16.1,8.8,0.0,12.7,8.73,23849.89,72.0,open-meteo-historical
2023-10-23,12.8,7.3,12.0,9.7,2.19,0.0,81.0,open-meteo-historical
2023-10-24,15.8,9.7,11.4,13.1,6.87,22773.67,87.0,open-meteo-historical
2023-10-25,16.6,9.4,8.5,23.0,3.33,3675.18,98.0,open-meteo-historical
2023-10-26,15.5,11.7,9.1,13.0,2.46,0.0,100.0,open-meteo-historical
2023-10-27,15.6,10.4,4.3,18.0,5.69,13775.27,90.0,open-meteo-historical
2023-10-28,14.8,9.4,3.3,17.4,4.0,4547.38,99.0,open-meteo-historical
2023-10-29,16.1,12.4,27.1,20.9,1.75,0.0,100.0,open-meteo-historical
2023-10-30,14.7,11.5,15.2,13.3,2.43,0.0,100.0,open-meteo-historical
2023-10-31,14.4,8.3,0.6,13.7,4.34,14764.68,95.0,open-meteo-historical
2023-11-01,12.9,5.6,2.9,16.1,4.88,6973.48,83.0,open-meteo-historical
2023-11-02,12.8,8.1,18.2,25.1,3.04,1770.42,97.0,open-meteo-historical
2023-11-03,10.2,5.2,0.5,13.2,5.6,24377.45,89.0,open-meteo-historical
2023-11-04,9.9,6.5,6.6,29.3,1.18,0.0,96.0,open-meteo-historical
2023-11-05,13.1,8.7,2.4,31.2,7.09,31405.06,70.0,open-meteo-historical
2023-11-06,13.0,8.1,2.0,19.9,3.71,8637.0,80.0,open-meteo-historical
2023-11-07,11.7,6.3,0.8,16.2,6.48,24105.55,74.0,open-meteo-historical
2023-11-08,12.1,5.7,0.9,14.0,7.45,25457.05,73.0,open-meteo-historical
2023-11-09,12.3,6.0,7.0,19.5,3.41,7817.73,99.0,open-meteo-historical
2023-11-10,11.0,7.1,5.7,19.8,5.05,14906.4,83.0,open-meteo-historical
2023-11-11,10.8,5.2,1.3,20.7,5.03,16325.52,86.0,open-meteo-historical
2023-11-12,13.7,3.5,9.3,17.4,2.19,5053.0,96.0,open-meteo-historical
2023-11-13,16.6,11.3,10.3,18.4,1.24,0.0,100.0,open-meteo-historical
2023-11-14,16.2,10.6,8.3,23.0,1.28,0.0,94.0,open-meteo-historical
2023-11-15,12.5,7.9,0.1,16.3,5.35,27038.2,76.0,open-meteo-historical
2023-11-16,13.7,3.8,6.7,33.6,1.57,3600.0,94.0,open-meteo-historical
2023-11-17,10.4,5.9,0.3,29.7,3.64,9913.01,89.0,open-meteo-historical
2023-11-18,8.7,4.3,2.5,13.8,1.69,0.0,96.0,open-meteo-historical
2023-11-19,15.8,8.6,0.2,13.2,3.56,15235.7,89.0,open-meteo-historical
2023-11-20,12.0,9.3,0.3,16.1,3.8,12750.89,97.0,open-meteo-historical
2023-11-21,10.7,8.0,3.1,12.8,3.35,8685.48,92.0,open-meteo-historical
2023-11-22,8.1,2.9,0.2,18.8,6.75,25200.0,67.0,open-meteo-historical
2023-11-23,8.3,-0.2,0.0,8.4,3.06,6553.01,72.0,open-meteo-historical
2023-11-24,10.2,3.9,0.4,14.4,2.45,6387.46,89.0,open-meteo-historical
2023-11-25,4.8,1.9,0.0,18.3,4.45,19988.79,61.0,open-meteo-historical
2023-11-26,5.7,-0.4,0.0,4.8,5.64,25618.5,63.0,open-meteo-historical
2023-11-27,6.1,0.3,7.2,18.4,1.67,0.0,100.0,open-meteo-historical
2023-11-28,7.3,1.3,3.5,18.7,3.19,9120.58,84.0,open-meteo-historical
2023-11-29,5.3,-1.5,0.0,9.7,5.18,20395.95,72.0,open-meteo-historical
2023-11-30,3.9,0.7,1.1,6.1,1.18,0.0,100.0,open-meteo-historical
2023-12-01,4.6,2.6,2.0,12.8,0.9,0.0,100.0,open-meteo-historical
2023-12-02,2.3,-1.3,0.0,14.5,3.0,6783.64,98.0,open-meteo-historical
2023-12-03,0.5,-4.8,0.0,9.7,5.93,25685.81,49.0,open-meteo-historical
2023-12-04,6.6,-2.8,1.8,23.1,2.18,3956.65,98.0,open-meteo-historical
2023-12-05,7.3,4.3,3.4,19.7,1.5,0.0,94.0,open-meteo-historical
2023-12-06,7.2,1.1,0.4,12.7,2.47,4965.88,85.0,open-meteo-historical
2023-12-07,1.4,-1.2,0.0,7.2,1.8,0.0,97.0,open-meteo-historical
2023-12-08,8.8,1.4,7.1,9.5,1.48,0.0,100.0,open-meteo-historical
2023-12-09,11.1,3.3,20.0,24.4,0.56,0.0,87.0,open-meteo-historical
2023-12-10,11.5,7.1,0.5,25.3,3.93,16516.97,78.0,open-meteo-historical
2023-12-11,12.8,8.4,12.7,13.8,2.27,4702.65,100.0,open-meteo-historical
2023-12-12,13.4,9.6,10.9,17.1,0.62,0.0,100.0,open-meteo-historical
2023-12-13,10.4,7.0,4.4,20.0,1.9,894.82,98.0,open-meteo-historical
2023-12-14,8.7,5.7,1.1,12.9,1.58,0.0,96.0,open-meteo-historical
2023-12-15,8.2,4.8,0.0,4.7,1.88,0.0,93.0,open-meteo-historical
2023-12-16,6.4,0.4,0.0,7.9,4.2,21399.75,34.0,open-meteo-historical
2023-12-17,2.9,-1.9,0.0,5.6,2.5,0.0,69.0,open-meteo-historical
2023-12-18,2.1,-0.5,0.0,5.2,2.81,1733.24,100.0,open-meteo-historical
2023-12-19,2.4,-1.7,0.0,16.3,2.53,4902.84,99.0,open-meteo-historical
2023-12-20,6.9,2.4,2.2,16.2,3.11,16056.05,90.0,open-meteo-historical
2023-12-21,10.2,6.2,3.5,20.6,0.52,0.0,100.0,open-meteo-historical
2023-12-22,10.0,7.9,0.5,18.4,0.99,0.0,100.0,open-meteo-historical
2023-12-23,9.0,7.3,0.0,14.1,1.39,0.0,99.0,open-meteo-historical
2023-12-24,11.2,7.1,0.0,15.0,2.05,4896.45,95.0,open-meteo-historical
2023-12-25,10.3,7.0,0.0,12.5,2.53,6536.86,93.0,open-meteo-historical
2023-12-26,10.0,4.8,0.0,10.8,2.32,3025.58,94.0,open-meteo-historical
2023-12-27,6.7,0.3,0.0,9.9,4.6,18095.47,80.0,open-meteo-historical
2023-12-28,7.2,1.8,1.8,6.8,0.97,0.0,86.0,open-meteo-historical
2023-12-29,10.5,6.1,2.4,14.3,1.81,5870.47,93.0,open-meteo-historical
2023-12-30,10.3,5.2,0.0,8.8,4.69,20041.27,57.0,open-meteo-historical
2023-12-31,8.8,5.2,3.2,23.6,2.12,0.0,94.0,open-meteo-historical
2024-01-01,9.0,5.4,0.0,15.6,3.32,5905.28,93.0,open-meteo-historical
2024-01-02,8.9,6.0,17.6,27.9,0.56,0.0,99.0,open-meteo-historical
2024-01-03,12.5,9.1,4.7,30.0,2.83,9435.79,72.0,open-meteo-historical
2024-01-04,10.7,6.1,0.1,25.5,3.95,18197.73,82.0,open-meteo-historical
2024-01-05,9.1,4.2,0.4,8.3,2.86,1479.49,93.0,open-meteo-historical
2024-01-06,6.1,3.2,0.2,13.0,2.15,1616.98,97.0,open-meteo-historical
2024-01-07,4.3,2.8,0.0,19.3,1.97,0.0,100.0,open-meteo-historical
2024-01-08,2.9,-1.8,0.0,19.5,2.53,326.78,99.0,open-meteo-historical
2024-01-09,-1.6,-2.8,0.6,12.1,2.0,0.0,99.0,open-meteo-historical
2024-01-10,0.2,-3.3,1.6,8.0,2.8,300.39,92.0,open-meteo-historical
2024-01-11,1.6,-2.6,0.0,13.9,5.94,27129.82,26.0,open-meteo-historical
2024-01-12,1.7,-3.2,0.0,9.6,6.02,27311.29,0.0,open-meteo-historical
2024-01-13,-2.5,-5.2,0.0,8.6,3.53,7584.99,65.0,open-meteo-historical
2024-01-14,-1.5,-6.8,0.3,6.1,3.75,5390.17,97.0,open-meteo-historical
2024-01-15,3.2,-3.0,0.0,12.8,5.03,18283.49,68.0,open-meteo-historical
2024-01-16,-0.9,-7.3,0.0,6.0,5.32,18488.28,75.0,open-meteo-historical
2024-01-17,9.5,-1.9,16.2,17.4,2.5,7024.63,99.0,open-meteo-historical
2024-01-18,10.4,-0.2,7.9,18.6,1.01,0.0,100.0,open-meteo-historical
2024-01-19,1.6,-2.3,0.0,14.0,5.76,21074.24,37.0,open-meteo-historical
2024-01-20,1.5,-3.8,0.0,11.4,6.89,26444.33,14.0,open-meteo-historical
2024-01-21,4.4,-4.8,0.0,11.5,4.31,18728.6,80.0,open-meteo-historical
2024-01-22,8.9,1.7,10.6,19.8,0.66,0.0,87.0,open-meteo-historical
2024-01-23,8.7,5.0,1.1,13.2,2.56,4430.55,89.0,open-meteo-historical
2024-01-24,13.8,8.6,0.0,17.9,1.22,615.97,100.0,open-meteo-historical
2024-01-25,13.2,7.7,0.0,18.4,3.13,4919.06,91.0,open-meteo-historical
2024-01-26,11.2,5.0,0.6,12.6,1.45,0.0,84.0,open-meteo-historical
2024-01-27,7.6,-0.2,0.0,8.3,7.44,26302.27,22.0,open-meteo-historical
2024-01-28,6.1,-1.5,0.0,7.6,5.22,15295.82,95.0,open-meteo-historical
2024-01-29,11.4,-1.6,0.0,7.2,6.99,25851.75,87.0,open-meteo-historical
2024-01-30,11.3,-0.5,0.0,5.6,4.28,6786.09,90.0,open-meteo-historical
2024-01-31,12.4,2.5,0.0,5.8,5.55,14832.7,90.0,open-meteo-historical
2024-02-01,10.6,7.1,0.1,11.6,2.12,0.0,97.0,open-meteo-historical
2024-02-02,11.2,3.5,0.0,6.1,6.57,27182.13,70.0,open-meteo-historical
2024-02-03,8.4,1.5,0.0,7.2,4.41,8282.69,91.0,open-meteo-historical
2024-02-04,9.7,4.6,0.0,7.2,4.09,6618.7,99.0,open-meteo-historical
2024-02-05,7.3,4.3,0.0,6.5,3.97,786.92,97.0,open-meteo-historical
2024-02-06,8.5,4.1,0.0,10.7,3.5,274.26,96.0,open-meteo-historical
2024-02-07,11.3,5.2,9.1,18.7,2.77,1190.75,95.0,open-meteo-historical
2024-02-08,13.0,8.5,3.0,17.7,4.36,6474.69,100.0,open-meteo-historical
2024-02-09,12.4,9.8,3.5,19.5,2.73,0.0,100.0,open-meteo-historical
2024-02-10,10.6,6.3,13.7,24.6,2.35,0.0,99.0,open-meteo-historical
2024-02-11,10.6,5.5,2.0,16.9,5.26,20942.62,88.0,open-meteo-historical
2024-02-12,10.2,5.2,0.1,8.4,5.67,12100.78,83.0,open-meteo-historical
2024-02-13,11.4,1.4,0.1,9.4,8.88,23290.54,61.0,open-meteo-historical
2024-02-14,14.0,5.5,0.0,10.5,4.5,4321.53,85.0,open-meteo-historical
2024-02-15,14.5,5.4,0.1,15.8,6.56,19055.15,99.0,open-meteo-historical
2024-02-16,13.1,9.2,6.4,14.6,2.8,156.85,99.0,open-meteo-historical
2024-02-17,11.0,8.5,0.4,10.3,7.16,21050.31,94.0,open-meteo-historical
2024-02-18,11.7,6.9,1.3,10.5,5.01,2493.48,99.0,open-meteo-historical
2024-02-19,13.3,8.8,0.0,13.2,6.0,11176.26,97.0,open-meteo-historical
2024-02-20,11.5,6.0,0.0,13.1,8.37,25932.75,98.0,open-meteo-historical
2024-02-21,10.2,2.4,2.9,14.1,4.55,396.44,100.0,open-meteo-historical
2024-02-22,10.9,8.0,14.8,28.4,1.83,0.0,100.0,open-meteo-historical
2024-02-23,9.8,2.2,0.4,20.6,8.99,30026.11,70.0,open-meteo-historical
2024-02-24,9.4,3.1,1.4,16.5,8.28,21417.36,91.0,open-meteo-historical
2024-02-25,9.8,3.0,5.0,22.7,6.23,7476.08,95.0,open-meteo-historical
2024-02-26,13.6,6.7,9.6,22.7,7.92,20935.08,88.0,open-meteo-historical
2024-02-27,12.3,6.7,0.0,18.4,10.24,28228.16,73.0,open-meteo-historical
2024-02-28,10.4,3.9,0.0,17.9,12.75,35522.84,48.0,open-meteo-historical
2024-02-29,9.1,-0.7,0.0,7.9,12.47,34389.98,58.0,open-meteo-historical
2024-03-01,10.8,4.4,0.0,14.4,9.53,21532.7,92.0,open-meteo-historical
2024-03-02,12.2,6.3,2.3,15.3,7.04,7961.38,97.0,open-meteo-historical
2024-03-03,9.3,4.6,14.7,27.3,4.33,0.0,100.0,open-meteo-historical
2024-03-04,10.0,5.1,0.0,12.5,12.66,28919.51,87.0,open-meteo-historical
2024-03-05,9.7,5.0,0.6,13.6,7.62,20864.65,98.0,open-meteo-historical
2024-03-06,9.4,2.7,0.0,10.1,10.24,32809.09,79.0,open-meteo-historical
2024-03-07,11.8,1.8,0.0,13.0,10.54,31066.33,57.0,open-meteo-historical
2024-03-08,14.0,0.8,4.2,18.4,12.26,26072.35,60.0,open-meteo-historical
2024-03-09,12.9,4.3,4.5,13.5,7.53,5746.67,93.0,open-meteo-historical
2024-03-10,10.1,6.0,13.9,13.6,6.97,1304.29,85.0,open-meteo-historical
2024-03-11,12.7,1.1,0.6,9.2,8.23,21464.08,82.0,open-meteo-historical
2024-03-12,12.2,6.8,3.4,14.8,8.89,12338.61,95.0,open-meteo-historical
2024-03-13,13.5,7.3,0.0,9.4,6.13,2216.01,98.0,open-meteo-historical
2024-03-14,17.2,3.6,0.0,11.9,12.18,26902.71,88.0,open-meteo-historical
2024-03-15,16.7,8.4,1.9,15.1,10.67,30529.27,84.0,open-meteo-historical
2024-03-16,14.7,8.6,0.3,13.8,12.21,32754.58,87.0,open-meteo-historical
2024-03-17,14.6,6.1,0.1,9.0,7.87,7989.45,99.0,open-meteo-historical
2024-03-18,15.6,9.4,14.1,8.7,6.2,12699.32,89.0,open-meteo-historical
2024-03-19,17.2,5.8,0.0,8.6,15.76,36572.56,57.0,open-meteo-historical
2024-03-20,20.1,5.8,0.0,11.5,16.65,37593.35,67.0,open-meteo-historical
2024-03-21,20.8,10.2,0.3,10.8,15.54,36079.68,85.0,open-meteo-historical
2024-03-22,21.5,8.3,0.0,10.5,17.17,40399.88,52.0,open-meteo-historical
2024-03-23,12.9,6.9,0.1,20.5,13.47,39694.48,59.0,open-meteo-historical
2024-03-24,10.7,4.4,2.1,14.8,11.91,32927.88,76.0,open-meteo-historical
2024-03-25,13.9,-0.2,0.0,12.3,15.91,31299.98,72.0,open-meteo-historical
2024-03-26,13.1,7.9,16.5,11.2,5.98,3849.33,100.0,open-meteo-historical
2024-03-27,10.5,4.4,12.5,18.1,11.74,20002.66,81.0,open-meteo-historical
2024-03-28,13.0,5.3,3.7,25.5,14.32,40619.7,77.0,open-meteo-historical
2024-03-29,17.7,9.0,5.5,26.5,6.54,5280.19,99.0,open-meteo-historical
2024-03-30,12.2,7.9,12.0,14.3,5.67,1594.83,96.0,open-meteo-historical
2024-03-31,14.6,7.1,13.5,14.0,7.13,2644.33,98.0,open-meteo-historical
2024-04-01,12.6,7.2,20.9,15.1,8.07,12817.81,89.0,open-meteo-historical
2024-04-02,14.9,6.2,0.0,16.0,13.27,36282.95,81.0,open-meteo-historical
2024-04-03,15.2,7.9,5.6,17.7,6.72,8438.27,97.0,open-meteo-historical
2024-04-04,18.5,9.8,0.4,18.2,8.64,4893.93,97.0,open-meteo-historical
2024-04-05,21.0,10.2,0.1,19.1,13.23,23868.84,93.0,open-meteo-historical
2024-04-06,23.4,11.1,0.0,23.0,19.98,41391.82,66.0,open-meteo-historical
2024-04-07,21.7,12.5,0.0,14.4,15.97,28800.0,96.0,open-meteo-historical
2024-04-08,22.3,11.2,0.7,13.7,13.4,34693.43,74.0,open-meteo-historical
2024-04-09,16.3,8.2,8.2,32.0,15.11,31915.18,81.0,open-meteo-historical
2024-04-10,13.3,4.6,0.0,12.1,16.92,43391.12,42.0,open-meteo-historical
2024-04-11,17.4,1.2,0.0,8.0,19.95,44721.27,52.0,open-meteo-historical
2024-04-12,22.0,4.7,0.0,6.6,22.09,44900.3,50.0,open-meteo-historical
2024-04-13,25.4,7.7,0.0,9.5,22.09,42991.86,67.0,open-meteo-historical
2024-04-14,26.9,9.9,0.0,10.0,22.13,45298.69,46.0,open-meteo-historical
2024-04-15,18.4,11.4,0.4,22.6,17.73,30202.93,92.0,open-meteo-historical
2024-04-16,11.8,6.0,4.4,21.1,11.95,21659.41,89.0,open-meteo-historical
2024-04-17,10.7,5.1,2.4,20.6,13.88,26492.93,90.0,open-meteo-historical
2024-04-18,10.1,2.7,0.3,15.2,17.31,41886.32,77.0,open-meteo-historical
2024-04-19,12.6,2.1,0.9,20.5,9.24,1881.4,85.0,open-meteo-historical
2024-04-20,9.4,3.9,0.2,18.0,14.59,35356.3,79.0,open-meteo-historical
2024-04-21,9.1,3.0,1.0,17.1,17.32,30175.43,69.0,open-meteo-historical
2024-04-22,9.2,1.9,0.1,20.9,17.03,43200.0,74.0,open-meteo-historical
2024-04-23,11.4,2.1,0.0,22.4,20.04,45180.12,55.0,open-meteo-historical
2024-04-24,8.8,2.4,0.0,14.3,12.75,20220.2,83.0,open-meteo-historical
2024-04-25,11.8,1.3,0.0,13.3,11.75,18625.11,80.0,open-meteo-historical
2024-04-26,13.9,6.9,1.0,18.7,15.08,33661.06,91.0,open-meteo-historical
2024-04-27,17.1,7.2,0.6,19.8,15.16,20028.28,94.0,open-meteo-historical
2024-04-28,14.2,9.7,5.9,15.0,8.15,0.0,100.0,open-meteo-historical
2024-04-29,15.6,8.2,4.8,7.9,9.47,2382.61,99.0,open-meteo-historical
2024-04-30,20.8,8.0,0.4,9.4,19.29,34354.78,86.0,open-meteo-historical
2024-05-01,22.3,11.3,0.3,12.7,15.66,23928.09,97.0,open-meteo-historical
2024-05-02,14.1,10.0,15.6,18.2,5.94,0.0,100.0,open-meteo-historical
2024-05-03,15.2,8.0,1.5,11.4,17.67,38667.32,89.0,open-meteo-historical
2024-05-04,15.7,7.0,2.6,19.9,8.12,522.19,95.0,open-meteo-historical
2024-05-05,20.7,11.9,11.8,14.2,14.62,25993.38,99.0,open-meteo-historical
2024-05-06,14.6,11.7,31.8,12.6,8.51,9907.81,98.0,open-meteo-historical
2024-05-07,16.6,9.5,5.3,13.5,13.97,25701.65,97.0,open-meteo-historical
2024-05-08,17.2,11.3,1.4,17.6,15.0,38138.83,62.0,open-meteo-historical
2024-05-09,20.0,9.5,0.0,15.8,19.89,48277.12,31.0,open-meteo-historical
2024-05-10,23.7,10.5,0.0,10.3,27.36,46998.91,36.0,open-meteo-historical
2024-05-11,25.9,10.6,0.0,8.2,25.14,47415.04,45.0,open-meteo-historical
2024-05-12,26.4,11.7,1.4,20.1,22.36,41278.8,67.0,open-meteo-historical
2024-05-13,23.3,14.7,0.4,13.0,20.1,42748.04,70.0,open-meteo-historical
2024-05-14,18.5,12.5,12.8,13.2,9.43,6887.93,84.0,open-meteo-historical
2024-05-15,17.5,11.4,1.7,8.5,11.19,9304.04,98.0,open-meteo-historical
2024-05-16,15.7,10.3,1.7,8.4,10.16,7088.93,99.0,open-meteo-historical
2024-05-17,19.0,10.1,0.8,7.3,19.68,43590.65,78.0,open-meteo-historical
2024-05-18,18.7,10.4,2.4,13.6,14.12,15292.17,80.0,open-meteo-historical
2024-05-19,21.2,11.1,7.1,10.6,17.4,34049.32,85.0,open-meteo-historical
2024-05-20,24.0,11.8,1.2,19.2,22.09,36868.61,81.0,open-meteo-historical
2024-05-21,18.9,12.7,0.6,15.1,16.06,35631.48,94.0,open-meteo-historical
2024-05-22,17.6,12.8,2.1,14.4,13.66,29475.41,89.0,open-meteo-historical
2024-05-23,17.7,12.0,9.1,13.4,14.14,26181.23,91.0,open-meteo-historical
2024-05-24,18.3,8.8,0.8,10.8,17.28,36293.69,95.0,open-meteo-historical
2024-05-25,21.7,8.4,0.0,8.4,21.34,44266.28,63.0,open-meteo-historical
2024-05-26,20.0,12.7,1.8,10.6,9.62,1286.36,98.0,open-meteo-historical
2024-05-27,20.1,13.4,0.2,14.9,16.63,27156.63,92.0,open-meteo-historical
2024-05-28,21.4,8.9,0.0,11.6,22.02,42229.72,73.0,open-meteo-historical
2024-05-29,20.5,12.5,8.4,13.0,10.5,4183.63,100.0,open-meteo-historical
2024-05-30,18.9,11.0,1.8,22.4,14.76,21617.25,94.0,open-meteo-historical
2024-05-31,16.7,10.5,8.3,17.3,10.11,9132.37,98.0,open-meteo-historical
2024-06-01,18.2,11.1,0.1,15.5,14.97,28186.07,99.0,open-meteo-historical
2024-06-02,19.4,13.2,3.6,18.3,10.25,13865.33,96.0,open-meteo-historical
2024-06-03,18.7,13.3,0.0,14.2,11.68,5633.14,88.0,open-meteo-historical
2024-06-04,23.2,8.4,0.0,8.7,26.15,52528.84,35.0,open-meteo-historical
2024-06-05,25.7,12.3,0.0,16.6,22.97,49677.61,60.0,open-meteo-historical
2024-06-06,27.2,11.8,0.0,17.3,22.58,39319.61,82.0,open-meteo-historical
2024-06-07,26.9,12.8,0.0,11.1,26.61,46071.99,75.0,open-meteo-historical
2024-06-08,20.7,15.2,15.9,9.1,9.46,6554.47,98.0,open-meteo-historical
2024-06-09,21.6,14.7,0.7,13.0,16.22,28361.02,92.0,open-meteo-historical
2024-06-10,21.6,10.1,0.0,15.6,26.06,48767.8,43.0,open-meteo-historical
2024-06-11,19.2,9.3,0.2,13.4,22.5,51176.15,70.0,open-meteo-historical
2024-06-12,19.5,7.4,0.0,14.4,22.79,52762.3,40.0,open-meteo-historical
2024-06-13,21.3,6.7,0.0,14.5,23.78,44748.0,54.0,open-meteo-historical
2024-06-14,20.4,12.9,9.4,19.0,6.77,6060.02,99.0,open-meteo-historical
2024-06-15,19.3,13.0,13.5,17.8,14.43,20724.98,89.0,open-meteo-historical
2024-06-16,18.9,9.8,2.3,16.1,10.37,12211.91,81.0,open-meteo-historical
2024-06-17,21.2,15.2,10.4,11.5,11.74,14839.69,96.0,open-meteo-historical
2024-06-18,28.3,13.7,1.0,13.3,21.45,38369.99,94.0,open-meteo-historical
2024-06-19,27.4,17.3,0.2,16.5,19.92,30085.38,90.0,open-meteo-historical
2024-06-20,25.6,17.7,4.6,19.2,12.99,15557.28,97.0,open-meteo-historical
2024-06-21,23.1,16.5,17.4,19.8,14.76,26030.26,95.0,open-meteo-historical
2024-06-22,17.6,14.2,9.5,11.9,8.59,5139.42,95.0,open-meteo-historical
2024-06-23,21.7,13.9,0.4,15.0,15.65,37294.86,86.0,open-meteo-historical
2024-06-24,28.6,16.7,0.0,16.9,24.1,51490.85,33.0,open-meteo-historical
2024-06-25,30.2,18.0,0.0,11.8,27.52,52572.53,30.0,open-meteo-historical
2024-06-26,27.8,18.0,0.3,23.9,21.82,43464.99,63.0,open-meteo-historical
2024-06-27,32.6,17.8,5.9,14.4,22.24,42534.23,67.0,open-meteo-historical
2024-06-28,29.1,18.8,0.0,10.7,19.78,43889.87,75.0,open-meteo-historical
2024-06-29,31.0,19.8,6.4,19.0,18.92,26807.66,88.0,open-meteo-historical
2024-06-30,20.4,16.7,14.9,14.5,6.06,0.0,100.0,open-meteo-historical
2024-07-01,22.8,14.0,0.2,16.6,19.95,47803.52,70.0,open-meteo-historical
2024-07-02,17.2,13.5,3.8,10.8,6.4,10436.76,90.0,open-meteo-historical
2024-07-03,20.2,13.8,1.3,16.7,11.14,11879.9,98.0,open-meteo-historical
2024-07-04,23.6,14.9,0.0,18.2,18.24,39171.78,64.0,open-meteo-historical
2024-07-05,26.0,11.9,0.0,11.3,24.02,48182.32,67.0,open-meteo-historical
2024-07-06,20.1,14.5,17.6,13.8,6.2,0.0,85.0,open-meteo-historical
2024-07-07,22.5,10.3,0.0,12.4,24.81,49912.04,70.0,open-meteo-historical
2024-07-08,27.2,10.3,0.0,9.0,28.16,51117.15,29.0,open-meteo-historical
2024-07-09,31.8,16.4,23.3,20.8,26.56,47652.4,49.0,open-meteo-historical
2024-07-10,26.1,19.0,5.7,13.0,12.08,17481.62,90.0,open-meteo-historical
2024-07-11,27.7,18.2,0.0,15.4,15.83,35096.35,88.0,open-meteo-historical
2024-07-12,23.9,16.0,0.4,19.3,16.55,36850.14,86.0,open-meteo-historical
2024-07-13,23.3,11.6,0.0,11.2,21.03,47970.21,53.0,open-meteo-historical
2024-07-14,24.2,10.4,0.0,7.6,18.58,24606.0,74.0,open-meteo-historical
2024-07-15,29.9,14.1,5.7,18.4,21.48,37464.49,63.0,open-meteo-historical
2024-07-16,24.9,15.8,0.0,17.9,20.35,47394.42,64.0,open-meteo-historical
2024-07-17,26.6,15.6,0.0,11.3,22.16,50176.16,60.0,open-meteo-historical
2024-07-18,29.9,16.6,0.0,8.4,28.31,50125.8,14.0,open-meteo-historical
2024-07-19,32.3,16.1,0.0,11.7,26.58,50108.36,19.0,open-meteo-historical
2024-07-20,33.0,18.0,10.1,12.3,25.82,45606.55,40.0,open-meteo-historical
2024-07-21,24.8,18.2,6.2,14.8,13.02,23076.16,95.0,open-meteo-historical
2024-07-22,25.0,18.3,0.0,11.7,24.1,48069.37,68.0,open-meteo-historical
2024-07-23,26.1,16.1,0.0,16.4,12.92,30503.02,72.0,open-meteo-historical
2024-07-24,25.2,14.4,0.0,11.6,23.97,49380.71,70.0,open-meteo-historical
2024-07-25,27.8,14.4,0.0,7.9,27.08,49494.23,58.0,open-meteo-historical
2024-07-26,30.6,16.7,0.0,12.3,20.94,45684.57,72.0,open-meteo-historical
2024-07-27,25.3,19.0,19.7,12.2,9.67,9827.77,97.0,open-meteo-historical
2024-07-28,26.9,17.1,0.0,14.3,26.0,44951.36,42.0,open-meteo-historical
2024-07-29,31.8,16.8,0.0,9.0,26.58,49445.26,1.0,open-meteo-historical
2024-07-30,36.2,19.4,0.0,8.3,24.35,48162.54,66.0,open-meteo-historical
2024-07-31,33.0,23.2,13.4,16.2,18.44,30502.77,84.0,open-meteo-historical
2024-08-01,26.8,20.6,8.6,21.2,17.57,35623.63,89.0,open-meteo-historical
2024-08-02,27.2,17.8,13.9,19.9,16.03,27530.53,67.0,open-meteo-historical
2024-08-03,26.8,18.1,0.0,11.8,24.81,47590.18,45.0,open-meteo-historical
2024-08-04,24.4,16.3,0.0,10.7,13.96,26240.69,85.0,open-meteo-historical
2024-08-05,28.5,15.0,0.0,6.1,24.77,48897.71,32.0,open-meteo-historical
2024-08-06,31.2,16.3,0.0,8.0,24.42,48737.97,34.0,open-meteo-historical
2024-08-07,29.5,20.0,0.6,15.9,17.09,40724.35,78.0,open-meteo-historical
2024-08-08,27.3,15.2,0.0,8.7,23.75,46907.3,83.0,open-meteo-historical
2024-08-09,30.3,16.0,0.0,12.2,24.84,48158.21,13.0,open-meteo-historical
2024-08-10,30.4,17.1,0.0,7.3,25.09,47712.13,4.0,open-meteo-historical
2024-08-11,32.9,20.1,0.0,11.7,24.88,47377.36,13.0,open-meteo-historical
2024-08-12,35.5,21.2,0.0,14.0,23.75,47457.41,44.0,open-meteo-historical
2024-08-13,33.2,19.5,0.0,18.1,22.95,41923.16,41.0,open-meteo-historical
2024-08-14,26.6,18.7,50.8,22.0,13.03,27086.28,96.0,open-meteo-historical
2024-08-15,29.9,16.7,0.0,9.4,19.96,45947.54,78.0,open-meteo-historical
2024-08-16,28.5,19.2,0.0,9.8,23.5,43705.27,44.0,open-meteo-historical
2024-08-17,27.5,16.3,1.7,8.7,11.98,18851.57,78.0,open-meteo-historical
2024-08-18,20.5,16.9,7.5,19.5,7.27,684.13,100.0,open-meteo-historical
2024-08-19,24.8,13.9,0.0,10.7,21.18,45643.55,39.0,open-meteo-historical
2024-08-20,27.0,13.8,0.0,11.9,20.04,45948.43,46.0,open-meteo-historical
2024-08-21,22.4,13.8,0.0,10.5,22.97,45874.41,51.0,open-meteo-historical
2024-08-22,26.1,10.6,0.0,7.9,23.78,45800.07,13.0,open-meteo-historical
2024-08-23,27.7,11.6,0.0,12.5,23.11,45725.44,31.0,open-meteo-historical
2024-08-24,32.8,15.1,16.5,22.1,18.0,31862.31,37.0,open-meteo-historical
2024-08-25,22.5,15.0,1.3,13.7,19.45,40688.2,61.0,open-meteo-historical
2024-08-26,23.6,9.7,0.0,9.3,22.83,45500.02,4.0,open-meteo-historical
2024-08-27,26.2,14.3,0.0,12.0,22.65,44061.54,26.0,open-meteo-historical
2024-08-28,31.7,14.6,0.0,13.0,21.54,44196.13,9.0,open-meteo-historical
2024-08-29,32.4,16.4,0.0,9.5,21.24,43089.86,16.0,open-meteo-historical
2024-08-30,30.3,19.6,0.0,7.9,17.68,42783.77,98.0,open-meteo-historical
2024-08-31,31.6,20.1,0.0,8.3,18.27,40321.77,56.0,open-meteo-historical
2024-09-01,31.5,19.1,0.0,10.5,20.21,41897.74,36.0,open-meteo-historical
2024-09-02,28.2,18.7,0.1,11.9,16.15,42571.07,60.0,open-meteo-historical
2024-09-03,28.7,15.8,5.5,12.7,16.11,32327.11,53.0,open-meteo-historical
2024-09-04,22.2,18.3,31.0,9.5,8.55,10990.07,100.0,open-meteo-historical
2024-09-05,18.4,15.0,13.8,13.8,4.9,0.0,97.0,open-meteo-historical
2024-09-06,22.4,12.0,0.0,8.7,16.45,29806.11,77.0,open-meteo-historical
2024-09-07,24.8,15.4,18.0,15.3,12.34,26080.53,82.0,open-meteo-historical
2024-09-08,23.1,15.3,2.5,10.7,16.06,37870.93,82.0,open-meteo-historical
2024-09-09,18.1,15.5,2.9,18.6,5.38,2958.77,93.0,open-meteo-historical
2024-09-10,18.9,12.3,0.0,13.8,17.46,39600.0,81.0,open-meteo-historical
2024-09-11,15.3,9.9,1.9,11.9,2.83,0.0,97.0,open-meteo-historical
2024-09-12,14.4,7.6,1.4,16.0,13.6,34095.26,58.0,open-meteo-historical
2024-09-13,15.2,7.5,0.0,17.7,14.12,40064.53,49.0,open-meteo-historical
2024-09-14,16.4,8.9,0.0,17.6,18.89,40053.93,24.0,open-meteo-historical
2024-09-15,17.9,8.5,0.0,16.1,18.97,40012.18,9.0,open-meteo-historical
2024-09-16,17.4,10.9,0.0,15.9,10.35,23005.31,84.0,open-meteo-historical
2024-09-17,19.4,13.6,0.0,19.6,9.05,28470.14,65.0,open-meteo-historical
2024-09-18,21.6,12.1,0.0,18.1,16.37,39662.86,28.0,open-meteo-historical
2024-09-19,21.6,11.7,0.0,13.0,16.79,39651.37,14.0,open-meteo-historical
2024-09-20,24.6,9.9,0.0,10.9,16.39,33614.56,41.0,open-meteo-historical
2024-09-21,23.7,12.5,0.1,9.3,14.49,27903.49,79.0,open-meteo-historical
2024-09-22,19.6,15.2,1.9,14.8,5.56,33.55,100.0,open-meteo-historical
2024-09-23,20.3,14.2,4.5,12.3,10.25,24216.22,95.0,open-meteo-historical
2024-09-24,18.0,13.1,0.6,15.8,5.79,4659.74,94.0,open-meteo-historical
2024-09-25,19.6,12.3,2.7,20.7,7.85,9816.51,95.0,open-meteo-historical
2024-09-26,17.1,14.1,25.5,25.9,2.67,0.0,93.0,open-meteo-historical
2024-09-27,16.6,11.9,5.3,24.3,9.28,19236.14,86.0,open-meteo-historical
2024-09-28,14.3,6.5,1.0,13.8,12.39,28503.34,65.0,open-meteo-historical
2024-09-29,14.2,4.8,0.0,10.5,10.76,18930.09,76.0,open-meteo-historical
2024-09-30,19.5,10.7,0.0,19.7,5.47,11487.4,95.0,open-meteo-historical
2024-10-01,14.8,12.2,25.4,12.2,2.67,0.0,100.0,open-meteo-historical
2024-10-02,14.8,9.9,0.0,12.8,4.37,381.46,79.0,open-meteo-historical
2024-10-03,14.6,10.3,0.0,17.0,8.13,23219.39,89.0,open-meteo-historical
2024-10-04,14.4,8.4,0.0,15.6,9.14,30735.24,67.0,open-meteo-historical
2024-10-05,15.7,6.7,0.0,13.1,13.4,36305.43,28.0,open-meteo-historical
2024-10-06,15.6,6.4,0.9,18.4,4.08,929.25,94.0,open-meteo-historical
2024-10-07,18.2,13.0,32.6,14.6,4.11,1494.57,100.0,open-meteo-historical
2024-10-08,17.0,13.7,30.4,14.4,5.16,670.88,93.0,open-meteo-historical
2024-10-09,21.2,12.7,8.8,31.0,5.08,8115.78,99.0,open-meteo-historical
2024-10-10,17.6,11.9,2.3,32.7,4.2,5414.3,88.0,open-meteo-historical
2024-10-11,15.0,8.3,0.3,9.0,7.83,24175.62,69.0,open-meteo-historical
2024-10-12,13.1,5.6,3.4,14.5,4.76,2156.82,90.0,open-meteo-historical
2024-10-13,17.3,12.5,0.0,11.2,7.32,22394.21,92.0,open-meteo-historical
2024-10-14,22.3,10.8,0.0,12.6,9.95,25673.64,73.0,open-meteo-historical
2024-10-15,18.2,11.8,5.4,7.8,3.99,1890.63,95.0,open-meteo-historical
2024-10-16,20.1,13.3,5.0,11.1,5.18,9927.81,96.0,open-meteo-historical
2024-10-17,18.0,15.5,9.2,16.2,3.48,0.0,99.0,open-meteo-historical
2024-10-18,16.6,14.1,16.2,10.5,3.82,0.0,100.0,open-meteo-historical
2024-10-19,17.3,10.1,0.0,9.7,10.91,32981.3,54.0,open-meteo-historical
2024-10-20,18.1,7.9,0.0,10.8,8.35,24318.55,92.0,open-meteo-historical
2024-10-21,19.6,10.2,0.0,9.8,9.27,28122.75,80.0,open-meteo-historical
2024-10-22,17.3,12.4,0.1,10.2,7.61,16653.81,98.0,open-meteo-historical
2024-10-23,16.1,9.9,0.0,12.1,8.47,30412.89,57.0,open-meteo-historical
2024-10-24,14.9,8.2,0.0,10.4,5.6,13291.53,74.0,open-meteo-historical
2024-10-25,20.5,11.8,0.0,13.0,7.94,29344.15,92.0,open-meteo-historical
2024-10-26,18.8,12.1,0.5,6.4,6.64,15646.18,94.0,open-meteo-historical
2024-10-27,21.1,11.7,0.6,9.1,10.03,32323.97,59.0,open-meteo-historical
2024-10-28,21.3,10.5,0.0,5.8,8.22,25017.55,56.0,open-meteo-historical
2024-10-29,18.9,8.9,0.0,4.6,9.04,24912.25,48.0,open-meteo-historical
2024-10-30,17.9,9.1,0.0,7.6,7.94,24808.2,58.0,open-meteo-historical
2024-10-31,11.7,9.4,0.0,7.5,4.16,4280.78,99.0,open-meteo-historical
2024-11-01,11.7,8.1,0.0,5.6,3.85,2252.35,99.0,open-meteo-historical
2024-11-02,10.0,7.1,0.0,10.2,3.52,990.09,100.0,open-meteo-historical
2024-11-03,10.5,6.7,0.0,7.7,4.27,6254.82,86.0,open-meteo-historical
2024-11-04,9.7,6.3,0.0,4.3,5.71,18492.96,97.0,open-meteo-historical
2024-11-05,12.8,6.9,0.0,4.7,5.82,15361.49,95.0,open-meteo-historical
2024-11-06,16.3,9.5,0.0,6.2,6.52,23076.06,86.0,open-meteo-historical
2024-11-07,12.4,9.7,0.0,9.2,2.56,0.0,95.0,open-meteo-historical
2024-11-08,10.6,8.3,0.1,5.8,3.82,3632.85,99.0,open-meteo-historical
2024-11-09,12.3,9.0,0.0,5.7,5.23,15721.62,98.0,open-meteo-historical
2024-11-10,9.6,6.3,0.0,7.6,4.24,11143.3,99.0,open-meteo-historical
2024-11-11,10.4,5.7,0.0,12.0,2.86,0.0,99.0,open-meteo-historical
2024-11-12,9.2,6.5,0.5,14.3,4.66,17629.66,88.0,open-meteo-historical
2024-11-13,7.0,4.5,0.0,13.1,4.88,14115.23,88.0,open-meteo-historical
2024-11-14,9.4,2.6,0.0,9.6,4.95,20210.54,79.0,open-meteo-historical
2024-11-15,9.5,4.2,0.0,8.7,5.23,22018.06,89.0,open-meteo-historical
2024-11-16,5.1,2.6,0.0,8.3,3.07,556.69,100.0,open-meteo-historical
2024-11-17,7.7,2.1,0.0,8.0,4.62,11076.62,99.0,open-meteo-historical
2024-11-18,10.3,5.5,0.0,12.5,4.17,14800.03,97.0,open-meteo-historical
2024-11-19,10.8,7.9,16.1,18.9,0.99,0.0,100.0,open-meteo-historical
2024-11-20,7.8,1.4,1.5,23.7,5.35,21171.16,74.0,open-meteo-historical
2024-11-21,1.2,-2.0,16.8,17.6,0.96,0.0,91.0,open-meteo-historical
2024-11-22,3.0,-1.7,2.5,24.4,5.68,22327.77,77.0,open-meteo-historical
2024-11-23,6.1,-1.9,0.0,14.8,3.49,7447.3,65.0,open-meteo-historical
2024-11-24,15.3,6.6,0.1,29.2,4.47,16384.27,93.0,open-meteo-historical
2024-11-25,16.7,11.0,7.4,37.5,4.09,15416.1,92.0,open-meteo-historical
2024-11-26,12.4,6.5,0.4,11.1,3.7,16447.84,90.0,open-meteo-historical
2024-11-27,10.9,3.0,0.1,12.2,4.27,12132.11,94.0,open-meteo-historical
2024-11-28,11.8,3.2,4.0,15.8,1.93,4546.82,74.0,open-meteo-historical
2024-11-29,7.3,0.5,0.0,12.1,6.38,26030.57,14.0,open-meteo-historical
2024-11-30,2.7,0.9,0.0,6.8,2.62,0.0,100.0,open-meteo-historical
2024-12-01,4.9,1.4,0.1,10.1,2.87,2752.82,99.0,open-meteo-historical
2024-12-02,9.6,4.2,3.4,8.7,1.57,0.0,83.0,open-meteo-historical
2024-12-03,8.1,3.9,0.0,9.1,3.88,17638.66,84.0,open-meteo-historical
2024-12-04,6.8,2.9,0.0,10.2,5.85,25506.38,70.0,open-meteo-historical
2024-12-05,4.3,-1.0,1.1,16.2,1.54,0.0,92.0,open-meteo-historical
2024-12-06,11.0,4.3,9.6,17.3,5.17,25178.71,94.0,open-meteo-historical
2024-12-07,9.7,3.3,10.2,18.1,1.72,3495.44,95.0,open-meteo-historical
2024-12-08,7.1,4.4,5.4,13.3,1.5,0.0,99.0,open-meteo-historical
2024-12-09,5.9,3.2,0.0,18.6,2.68,5817.42,96.0,open-meteo-historical
2024-12-10,4.6,2.6,0.0,15.9,1.58,0.0,99.0,open-meteo-historical
2024-12-11,5.0,1.1,0.0,12.3,4.35,18632.07,63.0,open-meteo-historical
2024-12-12,2.4,0.1,0.0,6.1,2.19,702.84,83.0,open-meteo-historical
2024-12-13,1.1,-1.1,0.0,5.8,3.42,9135.87,100.0,open-meteo-historical
2024-12-14,4.3,-1.0,2.1,11.8,1.48,0.0,99.0,open-meteo-historical
2024-12-15,6.0,2.4,0.0,11.2,2.4,692.53,96.0,open-meteo-historical
2024-12-16,6.9,1.4,0.0,7.3,1.9,2104.21,98.0,open-meteo-historical
2024-12-17,5.3,1.8,0.0,7.6,2.15,0.0,100.0,open-meteo-historical
2024-12-18,10.0,2.2,0.0,11.2,3.15,15085.13,90.0,open-meteo-historical
2024-12-19,10.9,3.5,13.4,19.6,1.41,4675.84,79.0,open-meteo-historical
2024-12-20,5.7,2.1,0.0,12.1,4.7,22910.94,69.0,open-meteo-historical
2024-12-21,7.2,2.2,2.0,15.1,1.45,0.0,100.0,open-meteo-historical
2024-12-22,9.5,1.7,12.4,23.2,2.58,0.0,95.0,open-meteo-historical
2024-12-23,5.1,1.8,2.7,21.4,2.45,5083.64,92.0,open-meteo-historical
2024-12-24,5.0,1.0,0.0,9.5,3.85,20905.71,87.0,open-meteo-historical
2024-12-25,7.3,3.5,0.0,9.4,2.86,10990.08,63.0,open-meteo-historical
2024-12-26,5.7,0.7,0.0,8.9,5.23,25251.55,0.0,open-meteo-historical
2024-12-27,0.7,-4.1,0.0,6.5,2.35,0.0,81.0,open-meteo-historical
2024-12-28,-0.8,-3.1,0.0,3.4,2.65,741.65,100.0,open-meteo-historical
2024-12-29,-0.2,-1.9,0.0,5.6,1.66,0.0,100.0,open-meteo-historical
2024-12-30,-0.3,-1.0,0.0,4.8,2.3,0.0,100.0,open-meteo-historical
2024-12-31,-1.0,-3.1,0.0,6.8,2.68,493.24,100.0,open-meteo-historical
2025-01-01,1.7,-3.4,0.0,8.0,4.03,15046.92,90.0,open-meteo-historical
2025-01-02,7.3,-0.1,10.5,13.7,0.71,0.0,100.0,open-meteo-historical
2025-01-03,3.1,-1.4,0.2,7.1,4.53,24448.46,72.0,open-meteo-historical
2025-01-04,-0.4,-3.9,6.8,9.1,4.0,14254.43,72.0,open-meteo-historical
2025-01-05,10.8,-0.0,7.0,20.3,2.09,331.48,95.0,open-meteo-historical
2025-01-06,12.7,6.9,3.9,29.7,2.69,6813.35,99.0,open-meteo-historical
2025-01-07,7.8,5.2,1.4,19.0,4.85,22401.33,78.0,open-meteo-historical
2025-01-08,11.3,6.0,7.3,17.1,1.5,222.35,100.0,open-meteo-historical
2025-01-09,11.8,2.5,8.2,20.8,1.06,81.44,96.0,open-meteo-historical
2025-01-10,3.2,1.1,2.2,8.0,1.73,0.0,98.0,open-meteo-historical
2025-01-11,3.0,-1.6,0.0,13.1,5.95,27277.27,41.0,open-meteo-historical
2025-01-12,2.5,-1.8,0.0,16.3,4.58,19742.09,53.0,open-meteo-historical
2025-01-13,3.2,-3.2,0.0,12.8,6.2,27485.64,0.0,open-meteo-historical
2025-01-14,3.4,-3.6,0.0,10.2,6.11,27480.38,4.0,open-meteo-historical
2025-01-15,4.1,-6.0,0.0,11.1,1.57,188.18,71.0,open-meteo-historical
2025-01-16,5.2,0.8,0.0,12.6,5.21,24690.67,62.0,open-meteo-historical
2025-01-17,0.6,-3.7,0.0,5.2,2.92,779.0,85.0,open-meteo-historical
2025-01-18,2.3,-1.6,0.0,5.8,5.45,22288.64,60.0,open-meteo-historical
2025-01-19,-1.1,-4.7,0.0,4.8,3.13,943.48,72.0,open-meteo-historical
2025-01-20,0.3,-3.4,0.0,6.3,4.29,7858.59,96.0,open-meteo-historical
2025-01-21,2.7,-1.7,0.0,4.8,4.58,11508.48,88.0,open-meteo-historical
2025-01-22,9.0,-0.5,0.7,14.8,3.82,12575.39,98.0,open-meteo-historical
2025-01-23,8.6,3.8,9.2,19.9,3.87,11727.14,87.0,open-meteo-historical
2025-01-24,8.3,2.0,0.1,11.5,2.91,0.0,93.0,open-meteo-historical
2025-01-25,13.3,7.1,9.9,21.1,1.81,0.0,98.0,open-meteo-historical
2025-01-26,9.2,3.0,0.2,22.9,5.29,16887.81,92.0,open-meteo-historical
2025-01-27,12.4,7.2,16.3,24.0,3.01,1820.15,98.0,open-meteo-historical
2025-01-28,9.5,4.9,1.1,19.4,4.74,14778.13,87.0,open-meteo-historical
2025-01-29,9.9,5.2,2.1,15.4,5.8,23399.79,93.0,open-meteo-historical
2025-01-30,10.1,5.5,5.1,9.1,3.77,10800.0,93.0,open-meteo-historical
2025-01-31,6.4,2.6,0.0,9.4,6.05,16695.87,98.0,open-meteo-historical
2025-02-01,6.0,1.1,0.0,10.8,7.8,28800.0,53.0,open-meteo-historical
2025-02-02,4.7,-1.0,0.0,5.4,6.48,28625.81,67.0,open-meteo-historical
2025-02-03,2.0,-0.0,0.0,4.8,3.95,2063.81,94.0,open-meteo-historical
2025-02-04,2.6,-0.9,0.0,5.0,6.17,23217.89,91.0,open-meteo-historical
2025-02-05,6.2,-2.4,0.0,12.3,4.61,6315.42,98.0,open-meteo-historical
2025-02-06,4.8,2.5,0.0,12.7,3.34,2878.87,99.0,open-meteo-historical
2025-02-07,8.1,0.2,0.0,8.5,6.84,25363.36,91.0,open-meteo-historical
2025-02-08,7.6,2.7,4.7,9.5,3.42,0.0,99.0,open-meteo-historical
2025-02-09,6.4,2.9,2.7,5.4,6.04,20883.92,96.0,open-meteo-historical
2025-02-10,8.5,4.5,3.0,18.2,2.62,0.0,100.0,open-meteo-historical
2025-02-11,8.7,4.3,9.3,9.7,3.01,40.39,100.0,open-meteo-historical
2025-02-12,11.5,7.0,6.0,6.5,3.89,4491.73,98.0,open-meteo-historical
2025-02-13,7.6,4.4,2.1,10.1,3.69,4788.08,98.0,open-meteo-historical
2025-02-14,4.1,-0.2,0.0,12.4,9.46,32338.3,66.0,open-meteo-historical
2025-02-15,4.7,-2.2,0.0,10.1,9.82,30902.48,39.0,open-meteo-historical
2025-02-16,7.6,-1.6,0.0,9.4,10.72,32101.12,39.0,open-meteo-historical
2025-02-17,7.5,-0.4,0.0,8.9,11.0,33360.43,42.0,open-meteo-historical
2025-02-18,8.7,-0.9,0.0,11.0,10.78,33252.57,43.0,open-meteo-historical
2025-02-19,11.9,0.4,0.4,13.0,9.27,31279.49,93.0,open-meteo-historical
2025-02-20,15.8,6.5,0.2,9.1,9.33,25946.5,94.0,open-meteo-historical
2025-02-21,14.0,5.4,0.0,18.7,7.97,14340.9,98.0,open-meteo-historical
2025-02-22,13.4,8.5,2.4,16.2,3.64,28.77,97.0,open-meteo-historical
2025-02-23,14.0,6.6,0.0,8.5,8.13,26186.25,77.0,open-meteo-historical
2025-02-24,12.9,4.9,1.1,13.4,6.84,9195.67,99.0,open-meteo-historical
2025-02-25,13.1,4.6,15.2,23.4,4.88,8045.64,99.0,open-meteo-historical
2025-02-26,9.7,5.1,4.7,21.3,9.72,30820.56,86.0,open-meteo-historical
2025-02-27,9.8,4.8,1.7,13.5,11.97,35501.07,69.0,open-meteo-historical
2025-02-28,7.5,1.3,0.0,12.7,6.65,17218.17,62.0,open-meteo-historical
2025-03-01,8.6,0.9,0.0,17.9,9.79,35177.59,59.0,open-meteo-historical
2025-03-02,10.0,1.5,0.0,16.7,13.51,35783.67,17.0,open-meteo-historical
2025-03-03,12.2,-1.6,0.0,5.2,13.66,35876.75,35.0,open-meteo-historical
2025-03-04,15.0,0.7,0.0,4.9,14.03,35969.23,35.0,open-meteo-historical
2025-03-05,17.0,1.4,0.0,8.5,14.41,36123.91,22.0,open-meteo-historical
2025-03-06,17.0,3.4,0.0,18.7,14.7,36190.52,21.0,open-meteo-historical
2025-03-07,16.6,3.7,0.0,11.9,14.94,36369.36,13.0,open-meteo-historical
2025-03-08,18.1,4.8,0.0,13.9,13.28,32400.0,47.0,open-meteo-historical
2025-03-09,18.1,4.1,1.1,12.5,12.5,28937.88,78.0,open-meteo-historical
2025-03-10,15.3,8.7,9.4,16.1,9.23,20677.73,89.0,open-meteo-historical
2025-03-11,14.1,4.8,0.4,10.7,9.02,21757.59,85.0,open-meteo-historical
2025-03-12,9.2,6.1,1.9,10.0,3.83,1220.45,99.0,open-meteo-historical
2025-03-13,5.9,1.8,17.4,11.2,4.58,850.03,99.0,open-meteo-historical
2025-03-14,7.2,-0.1,0.0,14.8,9.86,20778.42,88.0,open-meteo-historical
2025-03-15,4.7,1.7,11.2,15.5,3.51,0.0,100.0,open-meteo-historical
2025-03-16,5.5,1.4,3.9,6.6,6.49,4624.77,99.0,open-meteo-historical
2025-03-17,9.9,3.3,0.0,15.3,12.59,36000.0,69.0,open-meteo-historical
2025-03-18,14.2,0.7,0.0,14.1,17.28,39093.5,0.0,open-meteo-historical
2025-03-19,15.9,2.9,0.0,18.9,17.5,38939.35,16.0,open-meteo-historical
2025-03-20,18.2,5.1,0.0,19.1,17.22,38881.84,39.0,open-meteo-historical
2025-03-21,19.8,8.8,0.2,15.8,10.49,22431.99,100.0,open-meteo-historical
2025-03-22,17.3,10.4,5.2,23.8,9.59,12750.46,96.0,open-meteo-historical
2025-03-23,15.5,7.4,1.7,14.8,11.13,26877.3,94.0,open-meteo-historical
2025-03-24,17.3,4.6,0.0,13.8,14.29,34531.96,81.0,open-meteo-historical
2025-03-25,16.6,8.3,0.0,14.1,11.34,17136.69,79.0,open-meteo-historical
2025-03-26,13.0,7.7,0.1,13.7,8.39,17888.28,86.0,open-meteo-historical
2025-03-27,15.2,6.7,0.0,12.6,17.8,41581.32,48.0,open-meteo-historical
2025-03-28,16.4,3.6,0.0,14.2,19.06,39754.74,20.0,open-meteo-historical
2025-03-29,12.5,7.0,0.1,18.5,10.83,28473.02,77.0,open-meteo-historical
2025-03-30,15.0,3.6,0.0,13.4,14.23,36002.78,67.0,open-meteo-historical
2025-03-31,14.3,6.2,0.0,13.9,20.24,41912.61,16.0,open-meteo-historical
2025-04-01,13.3,4.7,0.0,21.7,18.01,41107.59,25.0,open-meteo-historical
2025-04-02,15.7,5.3,0.0,13.2,16.23,38842.46,62.0,open-meteo-historical
2025-04-03,20.4,5.4,0.0,8.5,20.32,42159.67,58.0,open-meteo-historical
2025-04-04,21.7,8.2,0.0,11.1,20.41,39921.73,32.0,open-meteo-historical
2025-04-05,22.7,8.2,0.0,7.8,21.38,42459.83,1.0,open-meteo-historical
2025-04-06,17.8,9.4,0.0,17.1,21.87,42843.61,7.0,open-meteo-historical
2025-04-07,17.4,5.0,0.0,12.7,22.48,43070.54,2.0,open-meteo-historical
2025-04-08,18.3,5.2,0.0,8.0,22.41,43366.73,30.0,open-meteo-historical
2025-04-09,18.8,6.3,0.0,13.7,21.9,43770.12,33.0,open-meteo-historical
2025-04-10,19.9,8.5,0.0,12.5,22.55,42730.01,4.0,open-meteo-historical
2025-04-11,21.3,7.8,0.0,7.2,22.89,44281.25,1.0,open-meteo-historical
2025-04-12,20.2,8.5,1.9,17.3,16.73,35005.24,57.0,open-meteo-historical
2025-04-13,18.2,11.9,0.4,12.0,12.98,31610.46,97.0,open-meteo-historical
2025-04-14,19.7,11.2,0.0,7.9,13.43,27520.02,94.0,open-meteo-historical
2025-04-15,17.7,12.5,16.0,12.6,10.41,11405.75,97.0,open-meteo-historical
2025-04-16,12.1,8.6,26.3,12.1,6.13,0.0,100.0,open-meteo-historical
2025-04-17,9.7,6.9,9.1,15.0,5.8,0.0,100.0,open-meteo-historical
2025-04-18,13.6,4.1,0.0,9.7,21.47,45827.91,56.0,open-meteo-historical
2025-04-19,20.4,5.0,0.0,17.0,17.99,42861.09,71.0,open-meteo-historical
2025-04-20,18.2,9.2,2.1,20.0,16.68,26094.46,91.0,open-meteo-historical
2025-04-21,14.4,9.5,7.1,18.9,7.61,1513.58,96.0,open-meteo-historical
2025-04-22,16.2,7.6,0.2,11.0,13.69,27618.63,83.0,open-meteo-historical
2025-04-23,13.7,9.6,3.0,14.9,8.69,12859.53,83.0,open-meteo-historical
2025-04-24,14.5,7.5,0.3,13.2,9.39,6228.62,89.0,open-meteo-historical
2025-04-25,15.8,8.6,0.0,12.4,13.77,25438.35,73.0,open-meteo-historical
2025-04-26,17.2,8.7,0.0,16.4,14.83,33031.57,61.0,open-meteo-historical
2025-04-27,18.1,11.3,0.1,9.2,13.97,12780.33,96.0,open-meteo-historical
2025-04-28,22.8,9.5,0.0,10.9,25.26,46907.51,25.0,open-meteo-historical
2025-04-29,24.5,10.5,0.0,9.4,25.41,46993.47,6.0,open-meteo-historical
2025-04-30,25.7,13.0,0.0,10.7,25.71,47064.6,0.0,open-meteo-historical
2025-05-01,26.5,10.7,0.0,11.3,25.77,47092.25,4.0,open-meteo-historical
2025-05-02,26.8,12.2,0.0,14.1,25.39,46800.0,46.0,open-meteo-historical
2025-05-03,26.0,15.1,0.1,18.8,21.81,41567.25,75.0,open-meteo-historical
2025-05-04,19.1,10.7,0.4,17.9,11.41,15419.98,90.0,open-meteo-historical
2025-05-05,13.3,8.3,0.1,16.5,9.19,7454.8,96.0,open-meteo-historical
2025-05-06,13.9,8.2,0.1,18.6,12.4,21214.97,92.0,open-meteo-historical
2025-05-07,17.5,9.7,0.0,17.3,19.36,36205.17,83.0,open-meteo-historical
2025-05-08,18.6,9.5,2.1,16.5,19.24,33769.85,81.0,open-meteo-historical
2025-05-09,18.9,9.2,0.0,15.6,23.36,48107.29,45.0,open-meteo-historical
2025-05-10,21.8,8.3,0.0,12.1,23.63,48301.44,26.0,open-meteo-historical
2025-05-11,23.5,11.7,0.0,28.0,21.98,44112.95,65.0,open-meteo-historical
2025-05-12,17.2,12.6,5.4,9.1,10.86,2866.04,99.0,open-meteo-historical
2025-05-13,20.0,11.6,0.3,9.2,15.88,27082.09,93.0,open-meteo-historical
2025-05-14,24.0,8.9,0.0,9.8,23.21,48085.6,25.0,open-meteo-historical
2025-05-15,21.3,10.9,0.0,17.7,27.38,47966.52,15.0,open-meteo-historical
2025-05-16,20.7,10.2,0.0,17.1,28.73,49760.26,9.0,open-meteo-historical
2025-05-17,19.4,9.3,0.0,13.5,24.94,49839.3,13.0,open-meteo-historical
2025-05-18,21.5,6.2,0.0,9.9,28.84,50101.29,0.0,open-meteo-historical
2025-05-19,23.9,10.6,0.0,13.7,22.27,38223.64,74.0,open-meteo-historical
2025-05-20,20.6,14.5,16.1,15.0,13.35,18890.95,95.0,open-meteo-historical
2025-05-21,20.9,12.7,0.8,19.7,17.75,25706.15,97.0,open-meteo-historical
2025-05-22,16.7,10.9,14.2,15.8,19.49,36200.48,84.0,open-meteo-historical
2025-05-23,17.5,9.6,0.0,11.5,23.13,46873.2,62.0,open-meteo-historical
2025-05-24,19.2,5.5,0.1,9.4,22.15,33332.91,84.0,open-meteo-historical
2025-05-25,20.1,12.8,0.8,14.1,13.29,21768.93,91.0,open-meteo-historical
2025-05-26,19.4,13.9,2.8,14.4,23.47,38201.96,76.0,open-meteo-historical
2025-05-27,20.6,11.1,0.0,14.6,20.15,44447.39,85.0,open-meteo-historical
2025-05-28,18.5,12.6,1.6,15.5,7.44,8797.43,87.0,open-meteo-historical
2025-05-29,24.8,10.9,0.0,7.9,27.29,49751.39,68.0,open-meteo-historical
2025-05-30,29.6,11.6,0.0,6.1,28.66,51287.2,9.0,open-meteo-historical
2025-05-31,31.5,14.7,10.8,12.6,23.67,44146.87,67.0,open-meteo-historical
2025-06-01,27.9,16.3,2.9,14.2,20.76,38968.81,91.0,open-meteo-historical
2025-06-02,22.2,17.6,2.8,11.5,10.71,15128.29,98.0,open-meteo-historical
2025-06-03,23.7,14.5,1.0,12.7,15.85,30958.87,92.0,open-meteo-historical
2025-06-04,18.5,15.8,21.8,11.2,7.43,11335.4,99.0,open-meteo-historical
2025-06-05,21.7,13.8,0.2,16.9,15.21,23329.28,83.0,open-meteo-historical
2025-06-06,22.2,16.9,0.3,19.8,13.88,18359.6,94.0,open-meteo-historical
2025-06-07,20.9,15.1,1.7,17.2,14.54,27300.84,89.0,open-meteo-historical
2025-06-08,20.9,14.5,0.0,17.3,23.0,48752.82,62.0,open-meteo-historical
2025-06-09,23.5,8.3,0.0,7.2,29.74,52687.12,3.0,open-meteo-historical
2025-06-10,27.7,10.5,0.0,10.2,28.05,50760.37,47.0,open-meteo-historical
2025-06-11,28.2,15.0,0.0,10.0,29.32,52389.57,14.0,open-meteo-historical
2025-06-12,31.7,15.4,0.0,10.7,27.53,51941.73,47.0,open-meteo-historical
2025-06-13,32.9,19.1,0.0,13.4,29.12,52066.87,25.0,open-meteo-historical
2025-06-14,33.5,19.3,1.5,10.8,26.19,47937.23,61.0,open-meteo-historical
2025-06-15,25.2,16.6,14.9,18.1,9.65,15355.09,97.0,open-meteo-historical
2025-06-16,24.3,14.7,0.0,12.4,26.34,49307.51,47.0,open-meteo-historical
2025-06-17,27.7,15.8,0.0,12.8,29.9,52811.43,3.0,open-meteo-historical
2025-06-18,29.3,16.2,0.0,10.4,29.67,52810.27,13.0,open-meteo-historical
2025-06-19,30.8,16.2,0.0,11.6,29.32,52767.04,3.0,open-meteo-historical
2025-06-20,31.4,19.5,0.0,13.0,28.92,52436.2,23.0,open-meteo-historical
2025-06-21,32.7,19.5,0.0,8.9,27.93,52392.2,8.0,open-meteo-historical
2025-06-22,34.9,18.1,0.1,12.3,27.15,50540.23,19.0,open-meteo-historical
2025-06-23,29.2,19.8,0.5,14.9,28.48,52383.81,33.0,open-meteo-historical
2025-06-24,30.7,15.5,0.0,9.5,29.06,52418.79,4.0,open-meteo-historical
2025-06-25,34.2,16.8,1.4,19.7,27.94,46230.74,49.0,open-meteo-historical
2025-06-26,27.0,18.9,3.5,24.5,19.14,46068.02,63.0,open-meteo-historical
2025-06-27,30.0,17.6,0.0,10.4,25.53,46969.55,34.0,open-meteo-historical
2025-06-28,32.0,18.2,0.0,8.3,28.64,52152.38,12.0,open-meteo-historical
2025-06-29,33.5,22.6,0.0,11.1,28.68,52222.59,5.0,open-meteo-historical
2025-06-30,36.1,21.2,0.0,13.9,27.13,52213.38,8.0,open-meteo-historical
2025-07-01,36.9,20.0,0.0,13.1,28.01,51973.07,3.0,open-meteo-historical
2025-07-02,36.9,19.8,0.1,20.5,25.86,41657.8,32.0,open-meteo-historical
2025-07-03,26.9,19.1,0.0,13.6,17.41,31824.97,71.0,open-meteo-historical
2025-07-04,28.3,17.0,0.0,10.8,30.25,52056.61,4.0,open-meteo-historical
2025-07-05,29.9,15.1,0.0,10.8,30.08,52044.55,17.0,open-meteo-historical
2025-07-06,22.9,15.2,3.1,19.6,7.95,3499.26,94.0,open-meteo-historical
2025-07-07,18.7,15.2,2.9,21.0,10.39,11154.27,98.0,open-meteo-historical
2025-07-08,19.4,12.1,2.3,14.5,17.1,40131.86,67.0,open-meteo-historical
2025-07-09,23.6,9.0,0.0,13.1,26.93,51811.86,20.0,open-meteo-historical
2025-07-10,26.5,11.1,0.0,13.7,29.47,51694.11,1.0,open-meteo-historical
2025-07-11,28.3,14.8,0.0,15.5,28.23,51578.7,6.0,open-meteo-historical
2025-07-12,28.6,17.4,0.0,9.7,29.19,51399.8,0.0,open-meteo-historical
2025-07-13,30.3,17.1,18.5,17.6,21.64,47685.5,41.0,open-meteo-historical
2025-07-14,28.9,19.5,4.4,15.5,25.03,46730.77,69.0,open-meteo-historical
2025-07-15,25.8,19.0,0.0,15.7,23.88,46800.0,77.0,open-meteo-historical
2025-07-16,24.8,18.1,0.0,14.3,12.6,13868.92,93.0,open-meteo-historical
2025-07-17,26.7,17.0,0.0,8.1,27.88,50528.28,37.0,open-meteo-historical
2025-07-18,29.1,15.9,0.0,8.5,26.08,49560.8,58.0,open-meteo-historical
2025-07-19,24.7,19.4,47.1,16.4,11.94,25535.88,79.0,open-meteo-historical
2025-07-20,28.2,16.5,0.5,21.6,14.25,15778.85,90.0,open-meteo-historical
2025-07-21,24.1,17.5,7.8,24.1,16.85,29253.57,87.0,open-meteo-historical
2025-07-22,23.0,16.1,0.0,14.8,12.41,24126.33,81.0,open-meteo-historical
2025-07-23,25.5,13.1,16.2,15.8,16.24,30771.2,83.0,open-meteo-historical
2025-07-24,22.2,15.1,0.6,10.3,16.85,38687.07,87.0,open-meteo-historical
2025-07-25,25.1,14.9,11.6,10.5,17.64,32090.27,75.0,open-meteo-historical
2025-07-26,25.4,16.2,0.0,15.8,19.74,38485.28,74.0,open-meteo-historical
2025-07-27,23.2,16.7,12.9,17.1,12.95,25046.1,84.0,open-meteo-historical
2025-07-28,20.8,15.0,2.8,17.4,15.45,27296.14,94.0,open-meteo-historical
2025-07-29,23.8,14.1,0.0,10.6,22.21,48829.83,62.0,open-meteo-historical
2025-07-30,24.0,15.1,1.7,9.0,14.64,28708.43,81.0,open-meteo-historical
2025-07-31,25.9,16.2,0.1,12.0,19.66,44149.6,81.0,open-meteo-historical
2025-08-01,23.1,17.6,3.4,15.2,10.47,23804.39,93.0,open-meteo-historical
2025-08-02,21.8,13.8,2.5,15.8,17.38,40423.59,78.0,open-meteo-historical
2025-08-03,22.8,13.0,0.0,12.0,19.59,48776.8,73.0,open-meteo-historical
2025-08-04,28.5,13.7,0.0,11.4,23.49,46722.25,66.0,open-meteo-historical
2025-08-05,25.0,17.3,0.0,17.3,18.5,41713.49,53.0,open-meteo-historical
2025-08-06,24.6,14.2,0.0,14.4,24.67,45227.97,59.0,open-meteo-historical
2025-08-07,30.1,12.2,0.0,9.3,26.44,48741.06,10.0,open-meteo-historical
2025-08-08,33.2,14.7,0.0,8.9,26.36,48652.86,0.0,open-meteo-historical
2025-08-09,36.0,17.6,0.0,12.8,25.91,48436.07,5.0,open-meteo-historical
2025-08-10,31.1,20.2,0.0,13.0,26.35,48290.97,0.0,open-meteo-historical
2025-08-11,33.3,19.2,0.0,11.6,25.96,48084.59,0.0,open-meteo-historical
2025-08-12,39.5,19.7,0.0,16.9,24.79,47795.27,7.0,open-meteo-historical
2025-08-13,37.5,19.6,0.0,30.1,24.86,44937.83,21.0,open-meteo-historical
2025-08-14,35.2,20.9,3.7,25.7,23.79,46963.12,51.0,open-meteo-historical
2025-08-15,36.0,22.3,0.0,16.9,23.09,47022.8,15.0,open-meteo-historical
2025-08-16,32.6,20.6,0.0,16.3,23.8,46851.47,14.0,open-meteo-historical
2025-08-17,29.2,17.8,0.0,12.6,24.77,46663.37,3.0,open-meteo-historical
2025-08-18,30.1,17.7,0.0,10.5,24.79,46444.01,4.0,open-meteo-historical
2025-08-19,28.0,18.8,6.0,17.8,16.05,29840.62,80.0,open-meteo-historical
2025-08-20,21.7,18.0,6.0,11.1,5.85,138.26,100.0,open-meteo-historical
2025-08-21,19.9,16.5,14.7,11.7,5.74,917.06,98.0,open-meteo-historical
2025-08-22,22.2,13.7,0.0,12.2,18.25,45817.86,38.0,open-meteo-historical
2025-08-23,22.2,11.7,0.0,12.3,21.88,45742.68,38.0,open-meteo-historical
2025-08-24,23.6,12.6,0.0,10.1,23.61,45667.3,5.0,open-meteo-historical
2025-08-25,26.8,12.3,0.0,7.2,22.89,45591.74,23.0,open-meteo-historical
2025-08-26,31.1,12.6,21.8,21.6,17.58,30948.79,51.0,open-meteo-historical
2025-08-27,26.1,18.0,33.7,10.5,9.06,13873.38,96.0,open-meteo-historical
2025-08-28,23.9,16.9,20.4,14.8,9.21,9121.39,98.0,open-meteo-historical
2025-08-29,19.6,13.2,5.3,17.6,11.28,19913.15,74.0,open-meteo-historical
2025-08-30,22.9,12.7,4.4,15.3,10.04,25813.35,82.0,open-meteo-historical
2025-08-31,25.7,15.9,24.6,15.6,11.98,21161.67,95.0,open-meteo-historical
2025-09-01,21.7,15.2,9.0,11.7,12.04,23266.72,93.0,open-meteo-historical
2025-09-02,21.4,13.7,1.6,14.2,14.02,32166.7,80.0,open-meteo-historical
2025-09-03,26.3,16.5,0.0,17.4,19.3,36460.28,73.0,open-meteo-historical
2025-09-04,22.3,14.6,21.8,13.0,3.64,0.0,85.0,open-meteo-historical
2025-09-05,20.5,13.1,0.0,10.9,13.78,42304.96,54.0,open-meteo-historical
2025-09-06,23.3,12.0,0.0,9.5,20.42,42599.72,37.0,open-meteo-historical
2025-09-07,28.9,12.9,0.0,14.5,20.4,40018.12,26.0,open-meteo-historical
2025-09-08,22.5,17.5,20.4,13.9,5.22,3287.26,99.0,open-meteo-historical
2025-09-09,21.4,15.1,10.9,11.8,13.03,37897.81,85.0,open-meteo-historical
2025-09-10,22.0,11.7,0.2,11.4,15.89,36073.75,68.0,open-meteo-historical
2025-09-11,19.2,15.2,1.0,20.9,10.82,26179.31,87.0,open-meteo-historical
2025-09-12,18.8,11.9,2.1,13.0,9.49,21600.0,63.0,open-meteo-historical
2025-09-13,20.1,11.5,0.0,14.1,11.47,25201.06,95.0,open-meteo-historical
2025-09-14,20.5,14.7,0.8,14.3,8.06,16669.54,91.0,open-meteo-historical
2025-09-15,20.8,16.1,0.0,20.5,6.86,17021.3,73.0,open-meteo-historical
2025-09-16,18.4,11.9,0.0,13.7,15.18,25200.0,87.0,open-meteo-historical
2025-09-17,21.6,10.7,0.0,10.4,16.05,39854.21,42.0,open-meteo-historical
2025-09-18,25.5,9.3,0.0,7.8,18.38,39764.51,0.0,open-meteo-historical
2025-09-19,27.9,12.4,0.0,12.0,17.86,39668.42,3.0,open-meteo-historical
2025-09-20,29.3,16.2,0.0,11.2,17.0,39425.64,35.0,open-meteo-historical
2025-09-21,20.9,13.2,41.0,13.8,1.82,0.0,97.0,open-meteo-historical
2025-09-22,13.2,10.4,11.7,14.2,1.57,0.0,100.0,open-meteo-historical
2025-09-23,12.6,9.3,14.1,10.1,3.8,2186.03,94.0,open-meteo-historical
2025-09-24,13.8,9.3,0.6,9.6,4.27,262.85,99.0,open-meteo-historical
2025-09-25,13.6,10.4,0.3,8.6,6.06,8397.75,98.0,open-meteo-historical
2025-09-26,12.5,10.1,20.4,6.5,4.11,0.0,99.0,open-meteo-historical
2025-09-27,15.7,7.6,0.0,5.8,13.14,29660.56,65.0,open-meteo-historical
2025-09-28,18.2,7.8,0.0,8.4,14.23,29765.52,30.0,open-meteo-historical
2025-09-29,17.4,9.1,0.0,8.7,11.72,29250.27,53.0,open-meteo-historical
2025-09-30,18.6,6.9,0.0,12.3,13.39,36046.44,72.0,open-meteo-historical
2025-10-01,17.4,8.4,0.0,13.3,13.52,37309.68,43.0,open-meteo-historical
2025-10-02,16.0,7.4,0.0,10.5,15.66,38239.71,32.0,open-meteo-historical
2025-10-03,14.9,6.8,1.3,10.5,6.33,1028.62,92.0,open-meteo-historical
2025-10-04,18.0,11.3,5.8,24.8,4.19,13043.61,84.0,open-meteo-historical
2025-10-05,14.6,8.6,0.0,14.8,8.04,25641.97,70.0,open-meteo-historical
2025-10-06,15.9,8.6,0.0,8.0,9.45,32107.67,68.0,open-meteo-historical
2025-10-07,19.1,8.8,0.0,10.1,13.6,37196.1,39.0,open-meteo-historical
2025-10-08,15.5,9.4,0.0,8.3,10.05,23655.38,81.0,open-meteo-historical
2025-10-09,16.3,13.2,0.0,10.5,8.0,19609.43,90.0,open-meteo-historical
2025-10-10,17.8,10.5,0.0,11.6,11.15,29057.57,43.0,open-meteo-historical
2025-10-11,17.4,9.1,0.0,11.0,11.92,34701.62,23.0,open-meteo-historical
2025-10-12,17.3,9.1,0.0,10.9,11.94,33603.61,38.0,open-meteo-historical
2025-10-13,17.1,8.3,0.0,11.3,10.14,33529.31,48.0,open-meteo-historical
2025-10-14,15.2,9.4,0.0,11.8,7.29,25716.74,66.0,open-meteo-historical
2025-10-15,16.8,8.2,0.0,11.2,13.0,35125.26,13.0,open-meteo-historical
2025-10-16,16.1,8.1,0.0,13.5,12.66,34035.93,32.0,open-meteo-historical
2025-10-17,15.2,7.7,0.0,12.4,12.23,34044.43,28.0,open-meteo-historical
2025-10-18,15.2,6.4,0.0,7.4,12.44,33812.22,21.0,open-meteo-historical
2025-10-19,16.6,5.9,0.1,13.0,8.14,17763.58,94.0,open-meteo-historical
2025-10-20,18.3,13.8,6.6,14.9,4.89,10235.41,99.0,open-meteo
2025-10-21,16.5,11.9,5.7,11.3,2.69,250.91,92.0,open-meteo
2025-10-22,17.0,13.1,15.3,13.6,3.29,57.83,98.0,open-meteo
2025-10-23,16.3,10.5,21.0,33.2,8.81,24283.53,80.0,open-meteo
2025-10-24,12.5,7.3,0.1,20.3,9.08,28823.05,61.0,open-meteo
2025-10-25,13.0,8.3,5.4,16.3,4.8,15651.88,69.0,open-meteo
2025-10-26,9.7,6.6,1.0,20.2,7.68,32400.0,87.0,open-meteo
2025-10-27,13.1,8.2,12.8,20.9,2.81,3497.64,90.0,open-meteo
2025-10-28,14.1,8.0,0.0,14.0,4.18,2884.59,82.0,open-meteo
2025-10-29,16.2,6.4,3.8,18.1,6.39,14955.42,79.0,open-meteo
2025-10-30,14.7,8.3,0.2,13.9,8.01,31470.72,62.0,open-meteo
2025-10-31,15.2,5.2,0.0,8.0,7.13,18244.76,71.0,open-meteo
2025-11-01,16.1,11.1,3.8,14.6,1.21,0.0,99.0,open-meteo
2025-11-02,13.8,8.6,5.2,13.7,3.02,1895.47,87.0,open-meteo
2025-11-03,12.9,5.9,0.0,9.1,5.82,20764.09,61.0,open-meteo
2025-11-04,13.2,5.7,0.0,10.4,6.97,20794.35,63.0,open-meteo
2025-11-05,16.9,7.2,0.0,16.6,9.04,31316.39,37.0,open-meteo
2025-11-06,15.5,8.4,0.0,10.6,6.34,19931.35,95.0,open-meteo
2025-11-07,15.2,4.4,0.0,5.6,8.84,30688.74,48.0,open-meteo
2025-11-08,14.4,5.8,0.0,4.5,7.66,26314.6,73.0,open-meteo
2025-11-09,12.8,5.0,1.6,10.0,6.61,27898.46,64.0,open-meteo
2025-11-10,8.1,4.4,0.0,9.8,2.36,0.0,92.0,open-meteo
2025-11-11,14.7,5.4,0.0,8.3,8.3,30194.91,41.0,open-meteo
2025-11-12,17.9,6.2,0.0,15.1,7.96,29499.88,48.0,open-meteo
2025-11-13,19.6,11.6,0.0,14.9,7.69,27878.62,64.0,open-meteo
2025-11-14,19.2,12.2,14.6,20.5,3.29,6591.25,83.0,open-meteo
2025-11-15,14.5,9.0,19.7,15.5,1.68,0.0,86.0,open-meteo
2025-11-16,13.9,8.7,0.6,6.9,4.32,10480.53,98.0,open-meteo
2025-11-17,11.1,3.2,3.8,16.3,5.04,19210.65,67.0,open-meteo
2025-11-18,7.0,0.6,0.0,10.4,7.68,27406.35,12.0,open-meteo
2025-11-19,6.0,-1.0,1.3,15.3,4.79,21600.0,82.0,open-meteo
2025-11-20,4.2,1.0,0.7,15.9,4.55,17052.38,98.0,open-meteo
2025-11-21,2.2,0.1,0.1,13.0,3.01,1600.59,66.0,open-meteo
2025-11-22,2.2,-1.8,0.0,11.5,7.49,26809.07,0.0,open-meteo
2025-11-23,2.7,-1.8,7.0,12.3,1.36,0.0,98.0,open-meteo
2025-11-24,5.5,2.3,14.5,8.6,2.28,0.0,99.0,open-meteo
2025-11-25,6.3,3.5,3.9,16.4,3.26,9164.27,94.0,open-meteo
2025-11-26,5.6,3.4,0.0,13.9,2.73,196.29,91.0,open-meteo
2025-11-27,5.1,-0.1,0.0,6.7,5.55,21600.0,61.0,open-meteo
2025-11-28,6.9,2.3,3.5,9.4,3.23,5345.72,100.0,open-meteo
2025-11-29,10.4,5.9,4.3,10.4,3.17,11884.45,92.0,open-meteo
2025-11-30,8.6,3.4,1.9,10.0,1.96,0.0,97.0,open-meteo
2025-12-01,4.2,-0.2,0.0,10.5,3.94,11849.16,61.0,open-meteo
2025-12-02,7.6,2.1,0.0,7.6,3.23,0.0,97.0,open-meteo
2025-12-03,6.9,3.9,6.8,4.0,1.4,0.0,100.0,open-meteo
2025-12-04,5.6,2.6,1.5,9.4,1.69,0.0,98.0,open-meteo
2025-12-05,8.1,3.0,0.6,7.6,4.32,21803.87,75.0,open-meteo
2025-12-06,11.0,4.1,0.2,14.1,2.23,0.0,98.0,open-meteo
2025-12-07,11.5,7.8,13.5,13.0,0.7,0.0,100.0,open-meteo
2025-12-08,14.2,8.1,1.2,10.6,2.86,7779.2,91.0,open-meteo
2025-12-09,13.4,7.1,0.0,15.1,3.74,22932.92,63.0,open-meteo
2025-12-10,10.7,7.7,2.6,5.1,1.37,0.0,94.0,open-meteo
2025-12-11,10.0,8.6,0.0,5.9,1.61,0.0,100.0,open-meteo
2025-12-12,9.7,5.5,0.0,9.2,2.66,7023.07,95.0,open-meteo
2025-12-13,6.2,4.5,0.0,6.4,1.41,0.0,100.0,open-meteo
2025-12-14,5.4,4.0,0.0,9.4,1.16,0.0,100.0,open-meteo
2025-12-15,8.0,3.0,0.6,8.1,2.02,0.0,94.0,open-meteo
2025-12-16,9.1,3.4,0.3,3.4,3.49,13260.72,91.0,open-meteo
2025-12-17,6.2,2.8,0.0,3.9,2.05,500.06,100.0,open-meteo
2025-12-18,11.4,4.1,0.0,14.4,3.98,18332.76,67.0,open-meteo
2025-12-19,11.0,7.2,0.0,6.9,2.55,1644.75,93.0,open-meteo
2025-12-20,10.7,9.2,10.2,12.2,1.19,0.0,100.0,open-meteo
2025-12-21,11.0,7.0,1.1,9.7,3.99,18398.43,95.0,open-meteo
2025-12-22,9.9,4.0,0.9,10.5,3.76,18160.56,95.0,open-meteo
2025-12-23,4.4,1.9,0.0,11.4,1.94,26.4,98.0,open-meteo
2025-12-24,2.9,-0.9,0.0,25.6,4.68,18289.08,79.0,open-meteo
2025-12-25,3.3,-0.1,0.0,14.6,4.98,25711.23,47.0,open-meteo
2025-12-26,4.3,-0.5,0.0,7.7,5.29,25985.36,31.0,open-meteo
2025-12-27,2.2,-0.8,0.0,7.8,3.21,12274.56,55.0,open-meteo
2025-12-28,4.9,0.1,0.0,8.2,5.22,25924.41,1.0,open-meteo
2025-12-29,-0.4,-1.9,0.0,7.1,1.36,0.0,89.0,open-meteo
2025-12-30,2.1,-2.8,0.0,15.0,4.33,20264.59,41.0,open-meteo
2025-12-31,1.7,-2.5,0.0,11.6,5.66,26407.1,0.0,open-meteo
2026-01-01,0.7,-3.2,0.0,6.2,4.9,24430.84,30.0,open-meteo
2026-01-02,1.9,-0.9,0.6,14.4,3.54,14836.56,82.0,open-meteo
2026-01-03,1.2,-3.8,0.0,11.2,5.5,25801.62,23.0,open-meteo
2026-01-04,-0.5,-4.8,0.0,6.1,4.85,21970.3,53.0,open-meteo
2026-01-05,-0.9,-5.8,0.0,5.0,5.95,26779.19,8.0,open-meteo
2026-01-06,-1.0,-4.5,0.0,10.2,2.93,5104.22,75.0,open-meteo
2026-01-07,-1.6,-4.1,2.6,13.5,2.51,2658.4,94.0,open-meteo
2026-01-08,4.1,-1.4,8.7,21.9,1.69,1542.39,100.0,open-meteo
2026-01-09,8.3,3.8,2.9,27.7,5.37,25876.72,64.0,open-meteo
2026-01-10,3.3,0.9,3.6,18.9,2.53,0.0,99.0,open-meteo
2026-01-11,1.9,-0.2,0.0,9.8,3.96,17839.0,90.0,open-meteo
2026-01-12,6.6,0.3,3.8,11.9,1.25,0.0,100.0,open-meteo
2026-01-13,11.8,1.7,0.0,14.4,5.63,27227.58,78.0,open-meteo
2026-01-14,11.0,3.9,0.0,8.6,3.63,9588.9,88.0,open-meteo
2026-01-15,11.9,6.3,1.7,15.2,5.61,24466.33,79.0,open-meteo
2026-01-16,8.3,4.6,6.2,11.2,2.83,829.81,92.0,open-meteo
2026-01-17,10.1,6.5,2.3,8.2,2.87,4673.53,92.0,open-meteo
2026-01-18,7.6,3.3,0.0,10.5,6.02,27924.46,65.0,open-meteo
2026-01-19,8.7,2.3,0.0,3.6,6.35,28017.03,64.0,open-meteo
2026-01-20,2.2,-0.9,0.0,5.2,2.37,0.0,100.0,open-meteo
2026-01-21,6.8,0.1,0.0,7.9,4.97,18608.22,63.0,open-meteo
2026-01-22,7.6,2.8,0.0,10.8,2.95,4430.1,96.0,open-meteo
2026-01-23,7.3,2.7,0.5,11.5,3.06,1467.13,96.0,open-meteo
2026-01-24,5.9,1.2,0.5,7.2,5.42,13289.34,95.0,open-meteo
2026-01-25,5.1,0.3,4.5,8.0,2.79,24.48,99.0,open-meteo
2026-01-26,7.4,2.9,0.0,11.0,5.35,23805.76,81.0,open-meteo
2026-01-27,6.6,-0.7,16.1,13.3,1.92,1299.64,88.0,open-meteo
